effective_date,symbol
2019-01-28,3MINDIA
2019-01-28,8KMILES
2019-01-28,AARTIIND
2019-01-28,ABB
2019-01-28,ABBOTINDIA
2019-01-28,ABCAPITAL
2019-01-28,ABREL
2019-01-28,ACC
2019-01-28,ADANIENSOL
2019-01-28,ADANIPOWER
2019-01-28,ADVENZYMES
2019-01-28,AEGISLOG
2019-01-28,AGCNETWO
2019-01-28,AIAENG
2019-01-28,AKZOINDIA
2019-01-28,ALKEM
2019-01-28,ALLCARGO
2019-01-28,ALTOS
2019-01-28,AMBALAL
2019-01-28,AMBUJACEM
2019-01-28,APLAPOLLO
2019-01-28,APOLLOHOSP
2019-01-28,APOLLOTYRE
2019-01-28,APPAPER
2019-01-28,APPLE
2019-01-28,ASHOKLEY
2019-01-28,ASIANPAINT
2019-01-28,ASTERDM
2019-01-28,ATUL
2019-01-28,ATULAUTO
2019-01-28,AUBANK
2019-01-28,AVANTIFEED
2019-01-28,AVERY
2019-01-28,AXISBANK
2019-01-28,BAJAJ
2019-01-28,BAJAJ-AUTO
2019-01-28,BAJAJHLDNG
2019-01-28,BAJFINANCE
2019-01-28,BALMLAWRIE
2019-01-28,BALRAMCHIN
2019-01-28,BANKBARODA
2019-01-28,BASF
2019-01-28,BATAINDIA
2019-01-28,BBTC
2019-01-28,BDL
2019-01-28,BEL
2019-01-28,BEML
2019-01-28,BERGEPAINT
2019-01-28,BHARATFORG
2019-01-28,BHARTIARTL
2019-01-28,BHEL
2019-01-28,BI
2019-01-28,BIOCON
2019-01-28,BIRLACORPN
2019-01-28,BLISSGVS
2019-01-28,BLUEDART
2019-01-28,BLUESTARCO
2019-01-28,BOMDYEING
2019-01-28,BOSCH-HCIL
2019-01-28,BOSCHLTD
2019-01-28,BPCL
2019-01-28,BRIGADE
2019-01-28,BRITANNIA
2019-01-28,BSE
2019-01-28,BSOFT
2019-01-28,CABLE
2019-01-28,CANBK
2019-01-28,CANFINHOME
2019-01-28,CAPLIN
2019-01-28,CASTROLIND
2019-01-28,CCL
2019-01-28,CDSL
2019-01-28,CEATLTD
2019-01-28,CENTRALBK
2019-01-28,CERA
2019-01-28,CGPOWER
2019-01-28,CHAMBLFERT
2019-01-28,CHEMINOR
2019-01-28,CHEMPLASTS
2019-01-28,CHENNPETRO
2019-01-28,CHETTINAD
2019-01-28,CHOLAFIN
2019-01-28,CHOLAHLDNG
2019-01-28,CIPLA
2019-01-28,CMC
2019-01-28,COALINDIA
2019-01-28,COCHINSHIP
2019-01-28,COFFEEDAY
2019-01-28,COFORGE
2019-01-28,COLPAL
2019-01-28,CONCOR
2019-01-28,CONSOFINVT
2019-01-28,COROMANDEL
2019-01-28,CREDITACC
2019-01-28,CRISIL
2019-01-28,CROMPTON
2019-01-28,CUB
2019-01-28,CUMMINSIND
2019-01-28,CYBERTECH
2019-01-28,DABUR
2019-01-28,DBCORP
2019-01-28,DBL
2019-01-28,DCAL
2019-01-28,DCLPOLYE
2019-01-28,DCW
2019-01-28,DEEPAKFERT
2019-01-28,DHAMPURSUG
2019-01-28,DHANBANK
2019-01-28,DHFL
2019-01-28,DICIND
2019-01-28,DIGJAMLMTD
2019-01-28,DISHTV
2019-01-28,DLF
2019-01-28,DMART
2019-01-28,DRREDDY
2019-01-28,DSQSOFTW
2019-01-28,ECLERX
2019-01-28,EICHERMOT
2019-01-28,EIDPARRY
2019-01-28,EIHOTEL
2019-01-28,ELECON
2019-01-28,ELGIEQUIP
2019-01-28,ELGIRUBCO
2019-01-28,ENDURANCE
2019-01-28,ENERGY
2019-01-28,ENGINERSIN
2019-01-28,ERIS
2019-01-28,ESCORTS
2019-01-28,ESSAR
2019-01-28,EXCEL
2019-01-28,EXCELINDUS
2019-01-28,EXIDEIND
2019-01-28,FACT
2019-01-28,FAGBEARI
2019-01-28,FDC
2019-01-28,FEDERALBNK
2019-01-28,FINCABLES
2019-01-28,FLFL
2019-01-28,FLUOROCHEM
2019-01-28,FORTIS
2019-01-28,FOSECOIND
2019-01-28,FULFORD
2019-01-28,GAEL
2019-01-28,GAIL
2019-01-28,GALAXYSURF
2019-01-28,GANESHBE
2019-01-28,GARDEN
2019-01-28,GAYAPROJ
2019-01-28,GESHIP
2019-01-28,GHCL
2019-01-28,GICRE
2019-01-28,GILLETTE
2019-01-28,GLAXO
2019-01-28,GLENMARK
2019-01-28,GLFL
2019-01-28,GMDCLTD
2019-01-28,GNFC
2019-01-28,GODFRYPHLP
2019-01-28,GODREJAGRO
2019-01-28,GODREJCP
2019-01-28,GODREJIND
2019-01-28,GOKEX
2019-01-28,GOODRICKE
2019-01-28,GOODYEAR
2019-01-28,GPPL
2019-01-28,GRANULES
2019-01-28,GRAPHITE
2019-01-28,GRASIM
2019-01-28,GREAVESCOT
2019-01-28,GRINDWELL
2019-01-28,GRUH
2019-01-28,GSFC
2019-01-28,GSKCONS
2019-01-28,GSPL
2019-01-28,GUJALKALI
2019-01-28,GUJGASLTD
2019-01-28,GVT&D
2019-01-28,HAL
2019-01-28,HARRMALAYA
2019-01-28,HATSUN
2019-01-28,HAVELLS
2019-01-28,HCC
2019-01-28,HCL-INSYS
2019-01-28,HCLTECH
2019-01-28,HDFC
2019-01-28,HDFCBANK
2019-01-28,HDFCLIFE
2019-01-28,HEALTHCARE
2019-01-28,HEG
2019-01-28,HEIDELBERG
2019-01-28,HERBERTS
2019-01-28,HERITGFOOD
2019-01-28,HEROMOTOCO
2019-01-28,HEXT
2019-01-28,HIMACHAL
2019-01-28,HIMATSEIDE
2019-01-28,HINDALCO
2019-01-28,HINDCOPPER
2019-01-28,HINDPETRO
2019-01-28,HINDSYNTEX
2019-01-28,HINDUNILVR
2019-01-28,HINDUSTAN
2019-01-28,HINDZINC
2019-01-28,HOGANAS
2019-01-28,HONAUT
2019-01-28,HSCL
2019-01-28,HUBTOWN
2019-01-28,IBREALEST
2019-01-28,IBULLSLTD
2019-01-28,IBVENTURES
2019-01-28,ICICI
2019-01-28,ICICIBANK
2019-01-28,ICICIGI
2019-01-28,ICICIPRULI
2019-01-28,ICIL
2019-01-28,IDBI
2019-01-28,IDFCFIRSTB
2019-01-28,IFBIND
2019-01-28,IFCI
2019-01-28,IGL
2019-01-28,IL&FSTRANS
2019-01-28,INDHOTEL
2019-01-28,INDIACEM
2019-01-28,INDIAGLYCO
2019-01-28,INDIANB
2019-01-28,INDIGO
2019-01-28,INDOCO
2019-01-28,INDUSINDBK
2019-01-28,INDUSTOWER
2019-01-28,INFIBEAM
2019-01-28,INFY
2019-01-28,INOXWIND
2019-01-28,INSILCO
2019-01-28,INTELLECT
2019-01-28,IOB
2019-01-28,IOC
2019-01-28,IONEXCHANG
2019-01-28,IPCALAB
2019-01-28,IPRINGS
2019-01-28,ISMT
2019-01-28,ITC
2019-01-28,ITDC
2019-01-28,ITDCEMEN
2019-01-28,ITI
2019-01-28,ITIETF
2019-01-28,ITWSIGNO
2019-01-28,JAGRAN
2019-01-28,JAICORPLTD
2019-01-28,JBCHEPHARM
2019-01-28,JBMA
2019-01-28,JETAIRWAYS
2019-01-28,JGCHEM
2019-01-28,JINDALPHOT
2019-01-28,JINDALSAW
2019-01-28,JINDALSTEL
2019-01-28,JISLJALEQS
2019-01-28,JKCEMENT
2019-01-28,JKTYRE
2019-01-28,JPASSOCIAT
2019-01-28,JPPOWER
2019-01-28,JSL
2019-01-28,JUBLFOOD
2019-01-28,JUBLINGRY
2019-01-28,KAJARIACER
2019-01-28,KANSAINER
2019-01-28,KARURVYSYA
2019-01-28,KARUTURI
2019-01-28,KINETIC
2019-01-28,KIOCL
2019-01-28,KMSUGAR
2019-01-28,KNRCON
2019-01-28,KOHINOOR
2019-01-28,KOTAKBANK
2019-01-28,KPEL
2019-01-28,KRBL
2019-01-28,KRISHNA
2019-01-28,KTKBANK
2019-01-28,KUMARS
2019-01-28,LAKSHMI
2019-01-28,LALPATHLAB
2019-01-28,LAURUSLABS
2019-01-28,LEMONTREE
2019-01-28,LICHSGFIN
2019-01-28,LINDEINDIA
2019-01-28,LT
2019-01-28,LTF
2019-01-28,LTTS
2019-01-28,LUPIN
2019-01-28,LUXIND
2019-01-28,M
2019-01-28,M&
2019-01-28,M&M
2019-01-28,MADURA
2019-01-28,MAFATIND
2019-01-28,MAHABANK
2019-01-28,MALWA
2019-01-28,MANPASAND
2019-01-28,MARICO
2019-01-28,MARUTI
2019-01-28,MASFIN
2019-01-28,MASTEK
2019-01-28,MATRIX
2019-01-28,MAXIND
2019-01-28,MCLEODRUSS
2019-01-28,MERCK
2019-01-28,MERIND
2019-01-28,MFSL
2019-01-28,MGL
2019-01-28,MODIXEROX
2019-01-28,MONSANTO
2019-01-28,MOREPENLAB
2019-01-28,MOTHERSON
2019-01-28,MOTHERSUMI
2019-01-28,MPHASIS
2019-01-28,MRF
2019-01-28,MRPL
2019-01-28,NAGARFERT
2019-01-28,NAHAR
2019-01-28,NAHARPOLY
2019-01-28,NAHARSPING
2019-01-28,NAM-INDIA
2019-01-28,NATCOPHARM
2019-01-28,NATIONAL
2019-01-28,NATIONALUM
2019-01-28,NAVA
2019-01-28,NAVINFLUOR
2019-01-28,NCC
2019-01-28,NESCO
2019-01-28,NESTLEIND
2019-01-28,NETWORK18
2019-01-28,NFL
2019-01-28,NH
2019-01-28,NIACL
2019-01-28,NILKAMAL
2019-01-28,NIRMA
2019-01-28,NITCO
2019-01-28,NLCINDIA
2019-01-28,NMDC
2019-01-28,NTPC
2019-01-28,OBC
2019-01-28,OFSS
2019-01-28,OILCOUNTUB
2019-01-28,OLECTRA
2019-01-28,OMAXAUTO
2019-01-28,OMAXE
2019-01-28,ONELIFECAP
2019-01-28,ONGC
2019-01-28,ONIDA
2019-01-28,ORIENTCEM
2019-01-28,PARAGMILK
2019-01-28,PATANJALI
2019-01-28,PATNI
2019-01-28,PATSPIN
2019-01-28,PCBL
2019-01-28,PCJEWELLER
2019-01-28,PDMJEPAPER
2019-01-28,PEL
2019-01-28,PENTAFOUR
2019-01-28,PENTAMEDIA
2019-01-28,PERSISTENT
2019-01-28,PETRONET
2019-01-28,PFIZER
2019-01-28,PGHL
2019-01-28,PHIL
2019-01-28,PHILIPS
2019-01-28,PHOENIX
2019-01-28,PIDILITIND
2019-01-28,PNB
2019-01-28,POONAWALLA
2019-01-28,PRAJIND
2019-01-28,PREMIERENE
2019-01-28,PRESTIGE
2019-01-28,PSIDATA
2019-01-28,PTC
2019-01-28,PUNJABCHEM
2019-01-28,PUNJTRACT
2019-01-28,QUESS
2019-01-28,RAASI
2019-01-28,RAIN
2019-01-28,RAJESHEXPO
2019-01-28,RALLIS
2019-01-28,RAMCOCEM
2019-01-28,RAYMOND
2019-01-28,RBLBANK
2019-01-28,RCF
2019-01-28,RCOM
2019-01-28,RECKITT
2019-01-28,RECLTD
2019-01-28,REIAGRO
2019-01-28,RELAXO
2019-01-28,RELCAPITAL
2019-01-28,RELIANCE
2019-01-28,RELINFRA
2019-01-28,RELMEDIA
2019-01-28,RITES
2019-01-28,RKFORGE
2019-01-28,RPGTRANS
2019-01-28,RPOWER
2019-01-28,RSWM
2019-01-28,RUPA
2019-01-28,SADBHAV
2019-01-28,SAIL
2019-01-28,SANGHI
2019-01-28,SANOFI
2019-01-28,SAREGAMA
2019-01-28,SBILIFE
2019-01-28,SCHAEFFLER
2019-01-28,SCHENECT
2019-01-28,SCI
2019-01-28,SCILAL
2019-01-28,SESASTERL
2019-01-28,SESHAPAPER
2019-01-28,SFL
2019-01-28,SHANKARA
2019-01-28,SHAWWALLA
2019-01-28,SHILPAMED
2019-01-28,SHK
2019-01-28,SHOPERSTOP
2019-01-28,SHREECEM
2019-01-28,SHRIRAMFIN
2019-01-28,SHYAMTEL
2019-01-28,SIEMENS
2019-01-28,SIS
2019-01-28,SJVN
2019-01-28,SKFINDIA
2019-01-28,SKSMICRO
2019-01-28,SOLARINDS
2019-01-28,SONATSOFTW
2019-01-28,SOUTHBANK
2019-01-28,SPARC
2019-01-28,SRF
2019-01-28,STAR
2019-01-28,STARCEMENT
2019-01-28,STYROLUT
2019-01-28,SUNCLAY
2019-01-28,SUNDARMFIN
2019-01-28,SUNDRMFAST
2019-01-28,SUNPHARMA
2019-01-28,SUPREMEIND
2019-01-28,SUVEN
2019-01-28,SYMPHONY
2019-01-28,SYNGENE
2019-01-28,TAKE
2019-01-28,TAMIL
2019-01-28,TATACHEM
2019-01-28,TATACONSUM
2019-01-28,TATAELXSI
2019-01-28,TATAINVEST
2019-01-28,TATAMETAL
2019-01-28,TATAMOTORS
2019-01-28,TATAPOWER
2019-01-28,TATASTEEL
2019-01-28,TCS
2019-01-28,TEAMLEASE
2019-01-28,TEXRAIL
2019-01-28,THERMAX
2019-01-28,THIRU
2019-01-28,THOMASCOOK
2019-01-28,THYROCARE
2019-01-28,TIINDIA
2019-01-28,TIMETECHNO
2019-01-28,TIMEX
2019-01-28,TIMKEN
2019-01-28,TITAN
2019-01-28,TMCV
2019-01-28,TODAYS
2019-01-28,TORNTPHARM
2019-01-28,TORNTPOWER
2019-01-28,TRANSPEK
2019-01-28,TRENT
2019-01-28,TRIDENT
2019-01-28,TTKPRESTIG
2019-01-28,TVSSRICHAK
2019-01-28,TVTODAY
2019-01-28,UBL
2019-01-28,UCALFUEL
2019-01-28,UFLEX
2019-01-28,UJJIVAN
2019-01-28,ULTRACEMCO
2019-01-28,UNICHEMLAB
2019-01-28,UNIONBANK
2019-01-28,UNOMINDA
2019-01-28,URBANCO
2019-01-28,VARROC
2019-01-28,VARUN
2019-01-28,VBL
2019-01-28,VENKEYS
2019-01-28,VHL
2019-01-28,VISHAL
2019-01-28,VMART
2019-01-28,VOLTAS
2019-01-28,VTL
2019-01-28,WELENT
2019-01-28,WIDIA
2019-01-28,WIMCO
2019-01-28,WINDMACH
2019-01-28,WIPRO
2019-01-28,WOCKPHARMA
2019-01-28,WSTCSTPAPR
2019-01-28,ZENSARTECH
2019-01-28,ZYDUSWELL
2019-03-29,3MINDIA
2019-03-29,AAVAS
2019-03-29,ABB
2019-03-29,ABBOTINDIA
2019-03-29,ABCAPITAL
2019-03-29,ABREL
2019-03-29,ACC
2019-03-29,ADANIENSOL
2019-03-29,ADANIPOWER
2019-03-29,ADVENZYMES
2019-03-29,AEGISLOG
2019-03-29,AGCNETWO
2019-03-29,AIAENG
2019-03-29,AKZOINDIA
2019-03-29,ALKEM
2019-03-29,ALLCARGO
2019-03-29,ALTOS
2019-03-29,AMBALAL
2019-03-29,AMBUJACEM
2019-03-29,APLAPOLLO
2019-03-29,APOLLOHOSP
2019-03-29,APOLLOTYRE
2019-03-29,APPAPER
2019-03-29,APPLE
2019-03-29,ASHOKLEY
2019-03-29,ASIANPAINT
2019-03-29,ASTERDM
2019-03-29,ASTRAZENCA
2019-03-29,ATUL
2019-03-29,ATULAUTO
2019-03-29,AUBANK
2019-03-29,AVANTIFEED
2019-03-29,AVERY
2019-03-29,AXISBANK
2019-03-29,BAJAJ
2019-03-29,BAJAJ-AUTO
2019-03-29,BAJAJHLDNG
2019-03-29,BAJFINANCE
2019-03-29,BALMLAWRIE
2019-03-29,BALRAMCHIN
2019-03-29,BANKBARODA
2019-03-29,BASF
2019-03-29,BATAINDIA
2019-03-29,BBTC
2019-03-29,BDL
2019-03-29,BEL
2019-03-29,BEML
2019-03-29,BERGEPAINT
2019-03-29,BHARATFORG
2019-03-29,BHARTIARTL
2019-03-29,BHEL
2019-03-29,BI
2019-03-29,BIOCON
2019-03-29,BIRLACORPN
2019-03-29,BLISSGVS
2019-03-29,BLUEDART
2019-03-29,BLUESTARCO
2019-03-29,BOMDYEING
2019-03-29,BOSCH-HCIL
2019-03-29,BOSCHLTD
2019-03-29,BPCL
2019-03-29,BRIGADE
2019-03-29,BRITANNIA
2019-03-29,BSE
2019-03-29,BSOFT
2019-03-29,CABLE
2019-03-29,CANBK
2019-03-29,CANFINHOME
2019-03-29,CAPLIN
2019-03-29,CASTROLIND
2019-03-29,CCL
2019-03-29,CDSL
2019-03-29,CEATLTD
2019-03-29,CENTRALBK
2019-03-29,CERA
2019-03-29,CESC
2019-03-29,CGPOWER
2019-03-29,CHAMBLFERT
2019-03-29,CHEMINOR
2019-03-29,CHENNPETRO
2019-03-29,CHETTINAD
2019-03-29,CHOLAFIN
2019-03-29,CHOLAHLDNG
2019-03-29,CIPLA
2019-03-29,CMC
2019-03-29,COALINDIA
2019-03-29,COCHINSHIP
2019-03-29,COFFEEDAY
2019-03-29,COFORGE
2019-03-29,COLPAL
2019-03-29,CONCOR
2019-03-29,CONSOFINVT
2019-03-29,COROMANDEL
2019-03-29,COX&KINGS
2019-03-29,CREDITACC
2019-03-29,CRISIL
2019-03-29,CROMPTON
2019-03-29,CUB
2019-03-29,CUMMINSIND
2019-03-29,CYBERTECH
2019-03-29,DABUR
2019-03-29,DBCORP
2019-03-29,DBL
2019-03-29,DCAL
2019-03-29,DCLPOLYE
2019-03-29,DCW
2019-03-29,DEEPAKFERT
2019-03-29,DEEPAKNTR
2019-03-29,DHAMPURSUG
2019-03-29,DHANBANK
2019-03-29,DHFL
2019-03-29,DICIND
2019-03-29,DIGJAMLMTD
2019-03-29,DISHTV
2019-03-29,DLF
2019-03-29,DMART
2019-03-29,DRREDDY
2019-03-29,DSQSOFTW
2019-03-29,ECLERX
2019-03-29,EICHERMOT
2019-03-29,EIDPARRY
2019-03-29,EIHOTEL
2019-03-29,ELECON
2019-03-29,ELGIEQUIP
2019-03-29,ELGIRUBCO
2019-03-29,ENDURANCE
2019-03-29,ENERGY
2019-03-29,ENGINERSIN
2019-03-29,ERIS
2019-03-29,ESCORTS
2019-03-29,ESSAR
2019-03-29,EXCEL
2019-03-29,EXCELINDUS
2019-03-29,EXIDEIND
2019-03-29,FACT
2019-03-29,FDC
2019-03-29,FEDERALBNK
2019-03-29,FINCABLES
2019-03-29,FLFL
2019-03-29,FLUOROCHEM
2019-03-29,FORTIS
2019-03-29,FOSECOIND
2019-03-29,FULFORD
2019-03-29,GAEL
2019-03-29,GAIL
2019-03-29,GALAXYSURF
2019-03-29,GANESHBE
2019-03-29,GARDEN
2019-03-29,GAYAPROJ
2019-03-29,GESHIP
2019-03-29,GHCL
2019-03-29,GICRE
2019-03-29,GILLETTE
2019-03-29,GLAXO
2019-03-29,GLENMARK
2019-03-29,GLFL
2019-03-29,GMDCLTD
2019-03-29,GNFC
2019-03-29,GODFRYPHLP
2019-03-29,GODREJAGRO
2019-03-29,GODREJCP
2019-03-29,GODREJIND
2019-03-29,GOKEX
2019-03-29,GOODRICKE
2019-03-29,GOODYEAR
2019-03-29,GPPL
2019-03-29,GRANULES
2019-03-29,GRAPHITE
2019-03-29,GRASIM
2019-03-29,GREAVESCOT
2019-03-29,GRINDWELL
2019-03-29,GRUH
2019-03-29,GSFC
2019-03-29,GSKCONS
2019-03-29,GSPL
2019-03-29,GUJALKALI
2019-03-29,GUJGASLTD
2019-03-29,GVT&D
2019-03-29,HAL
2019-03-29,HARRMALAYA
2019-03-29,HATSUN
2019-03-29,HAVELLS
2019-03-29,HCLTECH
2019-03-29,HDFC
2019-03-29,HDFCAMC
2019-03-29,HDFCBANK
2019-03-29,HDFCLIFE
2019-03-29,HEALTHCARE
2019-03-29,HEG
2019-03-29,HEIDELBERG
2019-03-29,HERBERTS
2019-03-29,HERITGFOOD
2019-03-29,HEROMOTOCO
2019-03-29,HEXT
2019-03-29,HIMACHAL
2019-03-29,HIMATSEIDE
2019-03-29,HINDALCO
2019-03-29,HINDCOPPER
2019-03-29,HINDPETRO
2019-03-29,HINDSYNTEX
2019-03-29,HINDUNILVR
2019-03-29,HINDUSTAN
2019-03-29,HINDZINC
2019-03-29,HOGANAS
2019-03-29,HONAUT
2019-03-29,HSCL
2019-03-29,HUBTOWN
2019-03-29,IBREALEST
2019-03-29,IBULLSLTD
2019-03-29,IBVENTURES
2019-03-29,ICICI
2019-03-29,ICICIBANK
2019-03-29,ICICIGI
2019-03-29,ICICIPRULI
2019-03-29,ICRA
2019-03-29,IDBI
2019-03-29,IDFCFIRSTB
2019-03-29,IFBIND
2019-03-29,IFCI
2019-03-29,IGL
2019-03-29,INDHOTEL
2019-03-29,INDIACEM
2019-03-29,INDIAGLYCO
2019-03-29,INDIANB
2019-03-29,INDIGO
2019-03-29,INDOCO
2019-03-29,INDUSINDBK
2019-03-29,INDUSTOWER
2019-03-29,INFIBEAM
2019-03-29,INFY
2019-03-29,INOXWIND
2019-03-29,INSILCO
2019-03-29,INTELLECT
2019-03-29,IOB
2019-03-29,IOC
2019-03-29,IONEXCHANG
2019-03-29,IPCALAB
2019-03-29,IPRINGS
2019-03-29,IRCON
2019-03-29,ISMT
2019-03-29,ITC
2019-03-29,ITDC
2019-03-29,ITDCEMEN
2019-03-29,ITI
2019-03-29,ITIETF
2019-03-29,ITWSIGNO
2019-03-29,JAGRAN
2019-03-29,JAICORPLTD
2019-03-29,JBCHEPHARM
2019-03-29,JBMA
2019-03-29,JETAIRWAYS
2019-03-29,JGCHEM
2019-03-29,JINDALPHOT
2019-03-29,JINDALSAW
2019-03-29,JINDALSTEL
2019-03-29,JISLJALEQS
2019-03-29,JKCEMENT
2019-03-29,JKPAPER
2019-03-29,JKTYRE
2019-03-29,JPASSOCIAT
2019-03-29,JSL
2019-03-29,JUBLFOOD
2019-03-29,JUBLINGRY
2019-03-29,KAJARIACER
2019-03-29,KANSAINER
2019-03-29,KARURVYSYA
2019-03-29,KARUTURI
2019-03-29,KEI
2019-03-29,KINETIC
2019-03-29,KIOCL
2019-03-29,KMSUGAR
2019-03-29,KNRCON
2019-03-29,KOHINOOR
2019-03-29,KOTAKBANK
2019-03-29,KPEL
2019-03-29,KRBL
2019-03-29,KRISHNA
2019-03-29,KTKBANK
2019-03-29,KUMARS
2019-03-29,LALPATHLAB
2019-03-29,LAURUSLABS
2019-03-29,LEMONTREE
2019-03-29,LICHSGFIN
2019-03-29,LINDEINDIA
2019-03-29,LT
2019-03-29,LTF
2019-03-29,LTTS
2019-03-29,LUPIN
2019-03-29,LUXIND
2019-03-29,M
2019-03-29,M&
2019-03-29,M&M
2019-03-29,MADURA
2019-03-29,MAFATIND
2019-03-29,MAHABANK
2019-03-29,MAHSCOOTER
2019-03-29,MAHSEAMLES
2019-03-29,MALWA
2019-03-29,MARICO
2019-03-29,MARUTI
2019-03-29,MASFIN
2019-03-29,MASTEK
2019-03-29,MATRIX
2019-03-29,MAXIND
2019-03-29,MERCK
2019-03-29,MERIND
2019-03-29,MFSL
2019-03-29,MGL
2019-03-29,MODIXEROX
2019-03-29,MONSANTO
2019-03-29,MOREPENLAB
2019-03-29,MOTHERSON
2019-03-29,MOTHERSUMI
2019-03-29,MPHASIS
2019-03-29,MRF
2019-03-29,MRPL
2019-03-29,NAGARFERT
2019-03-29,NAHAR
2019-03-29,NAHARPOLY
2019-03-29,NAHARSPING
2019-03-29,NAM-INDIA
2019-03-29,NATCOPHARM
2019-03-29,NATIONAL
2019-03-29,NATIONALUM
2019-03-29,NAVA
2019-03-29,NAVINFLUOR
2019-03-29,NCC
2019-03-29,NESCO
2019-03-29,NESTLEIND
2019-03-29,NETWORK18
2019-03-29,NFL
2019-03-29,NH
2019-03-29,NIACL
2019-03-29,NILKAMAL
2019-03-29,NIRMA
2019-03-29,NITCO
2019-03-29,NLCINDIA
2019-03-29,NMDC
2019-03-29,NTPC
2019-03-29,OBC
2019-03-29,OFSS
2019-03-29,OIL
2019-03-29,OILCOUNTUB
2019-03-29,OLECTRA
2019-03-29,OMAXAUTO
2019-03-29,OMAXE
2019-03-29,ONELIFECAP
2019-03-29,ONGC
2019-03-29,ONIDA
2019-03-29,ORIENTCEM
2019-03-29,ORIENTELEC
2019-03-29,PARAGMILK
2019-03-29,PATANJALI
2019-03-29,PATNI
2019-03-29,PATSPIN
2019-03-29,PCBL
2019-03-29,PCJEWELLER
2019-03-29,PDMJEPAPER
2019-03-29,PEL
2019-03-29,PENTAFOUR
2019-03-29,PENTAMEDIA
2019-03-29,PERSISTENT
2019-03-29,PETRONET
2019-03-29,PFIZER
2019-03-29,PGHL
2019-03-29,PHIL
2019-03-29,PHILIPS
2019-03-29,PHOENIX
2019-03-29,PIDILITIND
2019-03-29,PNB
2019-03-29,POONAWALLA
2019-03-29,PRAJIND
2019-03-29,PREMIERENE
2019-03-29,PRESTIGE
2019-03-29,PSIDATA
2019-03-29,PUNJABCHEM
2019-03-29,PUNJTRACT
2019-03-29,QUESS
2019-03-29,RAASI
2019-03-29,RAIN
2019-03-29,RAJESHEXPO
2019-03-29,RALLIS
2019-03-29,RAMCOCEM
2019-03-29,RAYMOND
2019-03-29,RBLBANK
2019-03-29,RCF
2019-03-29,RCOM
2019-03-29,RECKITT
2019-03-29,RECLTD
2019-03-29,REIAGRO
2019-03-29,RELAXO
2019-03-29,RELCAPITAL
2019-03-29,RELIANCE
2019-03-29,RELINFRA
2019-03-29,RELMEDIA
2019-03-29,RITES
2019-03-29,RKFORGE
2019-03-29,RPGTRANS
2019-03-29,RPOWER
2019-03-29,RSWM
2019-03-29,RUPA
2019-03-29,SAIL
2019-03-29,SANGHI
2019-03-29,SANOFI
2019-03-29,SAREGAMA
2019-03-29,SBILIFE
2019-03-29,SCHAEFFLER
2019-03-29,SCHENECT
2019-03-29,SCI
2019-03-29,SCILAL
2019-03-29,SESASTERL
2019-03-29,SESHAPAPER
2019-03-29,SFL
2019-03-29,SHANKARA
2019-03-29,SHARDACROP
2019-03-29,SHAWWALLA
2019-03-29,SHILPAMED
2019-03-29,SHK
2019-03-29,SHOPERSTOP
2019-03-29,SHREECEM
2019-03-29,SHRIRAMFIN
2019-03-29,SHYAMTEL
2019-03-29,SIEMENS
2019-03-29,SIS
2019-03-29,SJVN
2019-03-29,SKFINDIA
2019-03-29,SKSMICRO
2019-03-29,SOLARINDS
2019-03-29,SONATSOFTW
2019-03-29,SOUTHBANK
2019-03-29,SPARC
2019-03-29,SRF
2019-03-29,STAR
2019-03-29,STARCEMENT
2019-03-29,STYROLUT
2019-03-29,SUNCLAY
2019-03-29,SUNDARMFIN
2019-03-29,SUNDRMFAST
2019-03-29,SUNPHARMA
2019-03-29,SUPRAJIT
2019-03-29,SUPREMEIND
2019-03-29,SUVEN
2019-03-29,SYMPHONY
2019-03-29,SYNGENE
2019-03-29,TAKE
2019-03-29,TAMIL
2019-03-29,TATACHEM
2019-03-29,TATACONSUM
2019-03-29,TATAELXSI
2019-03-29,TATAINVEST
2019-03-29,TATAMETAL
2019-03-29,TATAMOTORS
2019-03-29,TATAPOWER
2019-03-29,TATASTEEL
2019-03-29,TCNSCLOTH
2019-03-29,TCS
2019-03-29,TEAMLEASE
2019-03-29,THERMAX
2019-03-29,THIRU
2019-03-29,THOMASCOOK
2019-03-29,THYROCARE
2019-03-29,TIINDIA
2019-03-29,TIMETECHNO
2019-03-29,TIMEX
2019-03-29,TIMKEN
2019-03-29,TITAN
2019-03-29,TMCV
2019-03-29,TORNTPHARM
2019-03-29,TORNTPOWER
2019-03-29,TRANSPEK
2019-03-29,TRENT
2019-03-29,TRIDENT
2019-03-29,TRITURBINE
2019-03-29,TTKPRESTIG
2019-03-29,TVTODAY
2019-03-29,UBL
2019-03-29,UCALFUEL
2019-03-29,UFLEX
2019-03-29,UJJIVAN
2019-03-29,ULTRACEMCO
2019-03-29,UNIONBANK
2019-03-29,UNOMINDA
2019-03-29,URBANCO
2019-03-29,VARROC
2019-03-29,VARUN
2019-03-29,VBL
2019-03-29,VENKEYS
2019-03-29,VISHAL
2019-03-29,VMART
2019-03-29,VOLTAS
2019-03-29,VTL
2019-03-29,WELENT
2019-03-29,WIDIA
2019-03-29,WIMCO
2019-03-29,WINDMACH
2019-03-29,WIPRO
2019-03-29,WOCKPHARMA
2019-03-29,WSI
2019-03-29,WSTCSTPAPR
2019-03-29,ZENSARTECH
2019-03-29,ZYDUSWELL
2019-04-15,3MINDIA
2019-04-15,AAVAS
2019-04-15,ABB
2019-04-15,ABBOTINDIA
2019-04-15,ABCAPITAL
2019-04-15,ABREL
2019-04-15,ACC
2019-04-15,ADANIENSOL
2019-04-15,ADANIPOWER
2019-04-15,ADVENZYMES
2019-04-15,AEGISLOG
2019-04-15,AGCNETWO
2019-04-15,AIAENG
2019-04-15,AKZOINDIA
2019-04-15,ALKEM
2019-04-15,ALLCARGO
2019-04-15,ALTOS
2019-04-15,AMBALAL
2019-04-15,AMBUJACEM
2019-04-15,APLAPOLLO
2019-04-15,APOLLOHOSP
2019-04-15,APOLLOTYRE
2019-04-15,APPAPER
2019-04-15,APPLE
2019-04-15,ASAHIINDIA
2019-04-15,ASHOKLEY
2019-04-15,ASIANPAINT
2019-04-15,ASTERDM
2019-04-15,ASTRAZENCA
2019-04-15,ATUL
2019-04-15,ATULAUTO
2019-04-15,AUBANK
2019-04-15,AVANTIFEED
2019-04-15,AVERY
2019-04-15,AXISBANK
2019-04-15,BAJAJ
2019-04-15,BAJAJ-AUTO
2019-04-15,BAJAJHLDNG
2019-04-15,BAJFINANCE
2019-04-15,BALMLAWRIE
2019-04-15,BALRAMCHIN
2019-04-15,BANKBARODA
2019-04-15,BASF
2019-04-15,BATAINDIA
2019-04-15,BBTC
2019-04-15,BDL
2019-04-15,BEL
2019-04-15,BEML
2019-04-15,BERGEPAINT
2019-04-15,BHARATFORG
2019-04-15,BHARTIARTL
2019-04-15,BHEL
2019-04-15,BI
2019-04-15,BIOCON
2019-04-15,BIRLACORPN
2019-04-15,BLISSGVS
2019-04-15,BLUEDART
2019-04-15,BLUESTARCO
2019-04-15,BOMDYEING
2019-04-15,BOSCH-HCIL
2019-04-15,BOSCHLTD
2019-04-15,BPCL
2019-04-15,BRIGADE
2019-04-15,BRITANNIA
2019-04-15,BSE
2019-04-15,BSOFT
2019-04-15,CABLE
2019-04-15,CANBK
2019-04-15,CANFINHOME
2019-04-15,CAPLIN
2019-04-15,CASTROLIND
2019-04-15,CCL
2019-04-15,CDSL
2019-04-15,CEATLTD
2019-04-15,CENTRALBK
2019-04-15,CERA
2019-04-15,CESC
2019-04-15,CGPOWER
2019-04-15,CHAMBLFERT
2019-04-15,CHEMINOR
2019-04-15,CHENNPETRO
2019-04-15,CHETTINAD
2019-04-15,CHOLAFIN
2019-04-15,CHOLAHLDNG
2019-04-15,CIPLA
2019-04-15,CMC
2019-04-15,COALINDIA
2019-04-15,COCHINSHIP
2019-04-15,COFFEEDAY
2019-04-15,COFORGE
2019-04-15,COLPAL
2019-04-15,CONCOR
2019-04-15,CONSOFINVT
2019-04-15,COROMANDEL
2019-04-15,COX&KINGS
2019-04-15,CREDITACC
2019-04-15,CRISIL
2019-04-15,CROMPTON
2019-04-15,CUB
2019-04-15,CUMMINSIND
2019-04-15,CYBERTECH
2019-04-15,DABUR
2019-04-15,DBCORP
2019-04-15,DBL
2019-04-15,DCAL
2019-04-15,DCLPOLYE
2019-04-15,DCW
2019-04-15,DEEPAKFERT
2019-04-15,DEEPAKNTR
2019-04-15,DHAMPURSUG
2019-04-15,DHANBANK
2019-04-15,DHFL
2019-04-15,DICIND
2019-04-15,DIGJAMLMTD
2019-04-15,DISHTV
2019-04-15,DLF
2019-04-15,DMART
2019-04-15,DRREDDY
2019-04-15,DSQSOFTW
2019-04-15,ECLERX
2019-04-15,EICHERMOT
2019-04-15,EIDPARRY
2019-04-15,EIHOTEL
2019-04-15,ELECON
2019-04-15,ELGIEQUIP
2019-04-15,ELGIRUBCO
2019-04-15,ENDURANCE
2019-04-15,ENERGY
2019-04-15,ENGINERSIN
2019-04-15,ERIS
2019-04-15,ESCORTS
2019-04-15,ESSAR
2019-04-15,EXCELINDUS
2019-04-15,EXIDEIND
2019-04-15,FACT
2019-04-15,FDC
2019-04-15,FEDERALBNK
2019-04-15,FINCABLES
2019-04-15,FLFL
2019-04-15,FLUOROCHEM
2019-04-15,FORTIS
2019-04-15,FOSECOIND
2019-04-15,FULFORD
2019-04-15,GAEL
2019-04-15,GAIL
2019-04-15,GALAXYSURF
2019-04-15,GANESHBE
2019-04-15,GARDEN
2019-04-15,GAYAPROJ
2019-04-15,GESHIP
2019-04-15,GHCL
2019-04-15,GICRE
2019-04-15,GILLETTE
2019-04-15,GLAXO
2019-04-15,GLENMARK
2019-04-15,GLFL
2019-04-15,GMDCLTD
2019-04-15,GNFC
2019-04-15,GODFRYPHLP
2019-04-15,GODREJAGRO
2019-04-15,GODREJCP
2019-04-15,GODREJIND
2019-04-15,GOKEX
2019-04-15,GOODRICKE
2019-04-15,GOODYEAR
2019-04-15,GPPL
2019-04-15,GRANULES
2019-04-15,GRAPHITE
2019-04-15,GRASIM
2019-04-15,GREAVESCOT
2019-04-15,GRINDWELL
2019-04-15,GRUH
2019-04-15,GSFC
2019-04-15,GSKCONS
2019-04-15,GSPL
2019-04-15,GUJALKALI
2019-04-15,GUJGASLTD
2019-04-15,GVT&D
2019-04-15,HAL
2019-04-15,HARRMALAYA
2019-04-15,HATSUN
2019-04-15,HAVELLS
2019-04-15,HCLTECH
2019-04-15,HDFC
2019-04-15,HDFCAMC
2019-04-15,HDFCBANK
2019-04-15,HDFCLIFE
2019-04-15,HEALTHCARE
2019-04-15,HEG
2019-04-15,HEIDELBERG
2019-04-15,HERBERTS
2019-04-15,HERITGFOOD
2019-04-15,HEROMOTOCO
2019-04-15,HEXT
2019-04-15,HIMACHAL
2019-04-15,HIMATSEIDE
2019-04-15,HINDALCO
2019-04-15,HINDCOPPER
2019-04-15,HINDPETRO
2019-04-15,HINDSYNTEX
2019-04-15,HINDUNILVR
2019-04-15,HINDUSTAN
2019-04-15,HINDZINC
2019-04-15,HOGANAS
2019-04-15,HONAUT
2019-04-15,HSCL
2019-04-15,HUBTOWN
2019-04-15,IBREALEST
2019-04-15,IBULLSLTD
2019-04-15,IBVENTURES
2019-04-15,ICICI
2019-04-15,ICICIBANK
2019-04-15,ICICIGI
2019-04-15,ICICIPRULI
2019-04-15,ICRA
2019-04-15,IDBI
2019-04-15,IDFCFIRSTB
2019-04-15,IFBIND
2019-04-15,IFCI
2019-04-15,IGL
2019-04-15,INDHOTEL
2019-04-15,INDIACEM
2019-04-15,INDIAGLYCO
2019-04-15,INDIANB
2019-04-15,INDIGO
2019-04-15,INDOCO
2019-04-15,INDUSINDBK
2019-04-15,INDUSTOWER
2019-04-15,INFIBEAM
2019-04-15,INFY
2019-04-15,INOXWIND
2019-04-15,INSILCO
2019-04-15,INTELLECT
2019-04-15,IOB
2019-04-15,IOC
2019-04-15,IONEXCHANG
2019-04-15,IPCALAB
2019-04-15,IPRINGS
2019-04-15,IRCON
2019-04-15,ISMT
2019-04-15,ITC
2019-04-15,ITDC
2019-04-15,ITDCEMEN
2019-04-15,ITI
2019-04-15,ITIETF
2019-04-15,ITWSIGNO
2019-04-15,JAGRAN
2019-04-15,JAICORPLTD
2019-04-15,JBCHEPHARM
2019-04-15,JBMA
2019-04-15,JETAIRWAYS
2019-04-15,JGCHEM
2019-04-15,JINDALPHOT
2019-04-15,JINDALSAW
2019-04-15,JINDALSTEL
2019-04-15,JISLJALEQS
2019-04-15,JKCEMENT
2019-04-15,JKPAPER
2019-04-15,JKTYRE
2019-04-15,JPASSOCIAT
2019-04-15,JSL
2019-04-15,JUBLFOOD
2019-04-15,JUBLINGRY
2019-04-15,KAJARIACER
2019-04-15,KANSAINER
2019-04-15,KARURVYSYA
2019-04-15,KARUTURI
2019-04-15,KEI
2019-04-15,KINETIC
2019-04-15,KIOCL
2019-04-15,KMSUGAR
2019-04-15,KNRCON
2019-04-15,KOHINOOR
2019-04-15,KOTAKBANK
2019-04-15,KPEL
2019-04-15,KRBL
2019-04-15,KRISHNA
2019-04-15,KTKBANK
2019-04-15,KUMARS
2019-04-15,LALPATHLAB
2019-04-15,LAURUSLABS
2019-04-15,LEMONTREE
2019-04-15,LICHSGFIN
2019-04-15,LINDEINDIA
2019-04-15,LT
2019-04-15,LTF
2019-04-15,LTTS
2019-04-15,LUPIN
2019-04-15,LUXIND
2019-04-15,M
2019-04-15,M&
2019-04-15,M&M
2019-04-15,MADURA
2019-04-15,MAFATIND
2019-04-15,MAHABANK
2019-04-15,MAHSCOOTER
2019-04-15,MAHSEAMLES
2019-04-15,MALWA
2019-04-15,MARICO
2019-04-15,MARUTI
2019-04-15,MASFIN
2019-04-15,MASTEK
2019-04-15,MATRIX
2019-04-15,MAXIND
2019-04-15,MERCK
2019-04-15,MERIND
2019-04-15,MFSL
2019-04-15,MGL
2019-04-15,MODIXEROX
2019-04-15,MONSANTO
2019-04-15,MOREPENLAB
2019-04-15,MOTHERSON
2019-04-15,MOTHERSUMI
2019-04-15,MPHASIS
2019-04-15,MRF
2019-04-15,MRPL
2019-04-15,NAGARFERT
2019-04-15,NAHAR
2019-04-15,NAHARPOLY
2019-04-15,NAHARSPING
2019-04-15,NAM-INDIA
2019-04-15,NATCOPHARM
2019-04-15,NATIONAL
2019-04-15,NATIONALUM
2019-04-15,NAVA
2019-04-15,NAVINFLUOR
2019-04-15,NCC
2019-04-15,NESCO
2019-04-15,NESTLEIND
2019-04-15,NETWORK18
2019-04-15,NFL
2019-04-15,NH
2019-04-15,NIACL
2019-04-15,NILKAMAL
2019-04-15,NIRMA
2019-04-15,NITCO
2019-04-15,NLCINDIA
2019-04-15,NMDC
2019-04-15,NTPC
2019-04-15,OBC
2019-04-15,OFSS
2019-04-15,OIL
2019-04-15,OILCOUNTUB
2019-04-15,OLECTRA
2019-04-15,OMAXAUTO
2019-04-15,OMAXE
2019-04-15,ONELIFECAP
2019-04-15,ONGC
2019-04-15,ONIDA
2019-04-15,ORIENTCEM
2019-04-15,ORIENTELEC
2019-04-15,PARAGMILK
2019-04-15,PATANJALI
2019-04-15,PATNI
2019-04-15,PATSPIN
2019-04-15,PCBL
2019-04-15,PCJEWELLER
2019-04-15,PDMJEPAPER
2019-04-15,PEL
2019-04-15,PENTAFOUR
2019-04-15,PENTAMEDIA
2019-04-15,PERSISTENT
2019-04-15,PETRONET
2019-04-15,PFIZER
2019-04-15,PGHL
2019-04-15,PHIL
2019-04-15,PHILIPS
2019-04-15,PHOENIX
2019-04-15,PIDILITIND
2019-04-15,PNB
2019-04-15,POONAWALLA
2019-04-15,PRAJIND
2019-04-15,PREMIERENE
2019-04-15,PRESTIGE
2019-04-15,PSIDATA
2019-04-15,PUNJABCHEM
2019-04-15,PUNJTRACT
2019-04-15,QUESS
2019-04-15,RAASI
2019-04-15,RAIN
2019-04-15,RAJESHEXPO
2019-04-15,RALLIS
2019-04-15,RAMCOCEM
2019-04-15,RAYMOND
2019-04-15,RBLBANK
2019-04-15,RCF
2019-04-15,RCOM
2019-04-15,RECKITT
2019-04-15,RECLTD
2019-04-15,REIAGRO
2019-04-15,RELAXO
2019-04-15,RELCAPITAL
2019-04-15,RELIANCE
2019-04-15,RELINFRA
2019-04-15,RELMEDIA
2019-04-15,RITES
2019-04-15,RKFORGE
2019-04-15,RPGTRANS
2019-04-15,RPOWER
2019-04-15,RSWM
2019-04-15,RUPA
2019-04-15,SAIL
2019-04-15,SANGHI
2019-04-15,SANOFI
2019-04-15,SAREGAMA
2019-04-15,SBILIFE
2019-04-15,SCHAEFFLER
2019-04-15,SCHENECT
2019-04-15,SCI
2019-04-15,SCILAL
2019-04-15,SESASTERL
2019-04-15,SESHAPAPER
2019-04-15,SFL
2019-04-15,SHANKARA
2019-04-15,SHARDACROP
2019-04-15,SHAWWALLA
2019-04-15,SHILPAMED
2019-04-15,SHK
2019-04-15,SHOPERSTOP
2019-04-15,SHREECEM
2019-04-15,SHRIRAMFIN
2019-04-15,SHYAMTEL
2019-04-15,SIEMENS
2019-04-15,SIS
2019-04-15,SJVN
2019-04-15,SKFINDIA
2019-04-15,SKSMICRO
2019-04-15,SOLARINDS
2019-04-15,SONATSOFTW
2019-04-15,SOUTHBANK
2019-04-15,SPARC
2019-04-15,SRF
2019-04-15,STAR
2019-04-15,STARCEMENT
2019-04-15,STYROLUT
2019-04-15,SUNCLAY
2019-04-15,SUNDARMFIN
2019-04-15,SUNDRMFAST
2019-04-15,SUNPHARMA
2019-04-15,SUPRAJIT
2019-04-15,SUPREMEIND
2019-04-15,SUVEN
2019-04-15,SYMPHONY
2019-04-15,SYNGENE
2019-04-15,TAKE
2019-04-15,TAMIL
2019-04-15,TATACHEM
2019-04-15,TATACONSUM
2019-04-15,TATAELXSI
2019-04-15,TATAINVEST
2019-04-15,TATAMETAL
2019-04-15,TATAMOTORS
2019-04-15,TATAPOWER
2019-04-15,TATASTEEL
2019-04-15,TCNSCLOTH
2019-04-15,TCS
2019-04-15,TEAMLEASE
2019-04-15,THERMAX
2019-04-15,THIRU
2019-04-15,THOMASCOOK
2019-04-15,THYROCARE
2019-04-15,TIINDIA
2019-04-15,TIMETECHNO
2019-04-15,TIMEX
2019-04-15,TIMKEN
2019-04-15,TITAN
2019-04-15,TMCV
2019-04-15,TORNTPHARM
2019-04-15,TORNTPOWER
2019-04-15,TRANSPEK
2019-04-15,TRENT
2019-04-15,TRIDENT
2019-04-15,TRITURBINE
2019-04-15,TTKPRESTIG
2019-04-15,TVTODAY
2019-04-15,UBL
2019-04-15,UCALFUEL
2019-04-15,UFLEX
2019-04-15,UJJIVAN
2019-04-15,ULTRACEMCO
2019-04-15,UNIONBANK
2019-04-15,UNOMINDA
2019-04-15,URBANCO
2019-04-15,VARROC
2019-04-15,VARUN
2019-04-15,VBL
2019-04-15,VENKEYS
2019-04-15,VISHAL
2019-04-15,VMART
2019-04-15,VOLTAS
2019-04-15,VTL
2019-04-15,WELENT
2019-04-15,WIDIA
2019-04-15,WIMCO
2019-04-15,WINDMACH
2019-04-15,WIPRO
2019-04-15,WOCKPHARMA
2019-04-15,WSI
2019-04-15,WSTCSTPAPR
2019-04-15,ZENSARTECH
2019-04-15,ZYDUSWELL
2019-06-28,3MINDIA
2019-06-28,AAVAS
2019-06-28,ABB
2019-06-28,ABBOTINDIA
2019-06-28,ABCAPITAL
2019-06-28,ABREL
2019-06-28,ACC
2019-06-28,ADANIENSOL
2019-06-28,ADANIPOWER
2019-06-28,ADVENZYMES
2019-06-28,AEGISLOG
2019-06-28,AGCNETWO
2019-06-28,AIAENG
2019-06-28,AKZOINDIA
2019-06-28,ALKEM
2019-06-28,ALLCARGO
2019-06-28,ALTOS
2019-06-28,AMBALAL
2019-06-28,AMBUJACEM
2019-06-28,APLAPOLLO
2019-06-28,APOLLOHOSP
2019-06-28,APOLLOTYRE
2019-06-28,APPAPER
2019-06-28,APPLE
2019-06-28,ASAHIINDIA
2019-06-28,ASHOKLEY
2019-06-28,ASIANPAINT
2019-06-28,ASTERDM
2019-06-28,ASTRAZENCA
2019-06-28,ATUL
2019-06-28,ATULAUTO
2019-06-28,AUBANK
2019-06-28,AVANTIFEED
2019-06-28,AVERY
2019-06-28,AXISBANK
2019-06-28,BAJAJ
2019-06-28,BAJAJ-AUTO
2019-06-28,BAJAJHLDNG
2019-06-28,BAJFINANCE
2019-06-28,BALMLAWRIE
2019-06-28,BALRAMCHIN
2019-06-28,BANKBARODA
2019-06-28,BASF
2019-06-28,BATAINDIA
2019-06-28,BBTC
2019-06-28,BDL
2019-06-28,BEL
2019-06-28,BEML
2019-06-28,BERGEPAINT
2019-06-28,BHARATFORG
2019-06-28,BHARTIARTL
2019-06-28,BHEL
2019-06-28,BI
2019-06-28,BIOCON
2019-06-28,BIRLACORPN
2019-06-28,BLISSGVS
2019-06-28,BLUEDART
2019-06-28,BLUESTARCO
2019-06-28,BOMDYEING
2019-06-28,BOSCH-HCIL
2019-06-28,BOSCHLTD
2019-06-28,BPCL
2019-06-28,BRIGADE
2019-06-28,BRITANNIA
2019-06-28,BSE
2019-06-28,BSOFT
2019-06-28,CABLE
2019-06-28,CANBK
2019-06-28,CANFINHOME
2019-06-28,CAPLIN
2019-06-28,CASTROLIND
2019-06-28,CCL
2019-06-28,CDSL
2019-06-28,CEATLTD
2019-06-28,CENTRALBK
2019-06-28,CERA
2019-06-28,CESC
2019-06-28,CGPOWER
2019-06-28,CHALET
2019-06-28,CHAMBLFERT
2019-06-28,CHEMINOR
2019-06-28,CHENNPETRO
2019-06-28,CHETTINAD
2019-06-28,CHOLAFIN
2019-06-28,CHOLAHLDNG
2019-06-28,CIPLA
2019-06-28,CMC
2019-06-28,COALINDIA
2019-06-28,COCHINSHIP
2019-06-28,COFFEEDAY
2019-06-28,COFORGE
2019-06-28,COLPAL
2019-06-28,CONCOR
2019-06-28,CONSOFINVT
2019-06-28,COROMANDEL
2019-06-28,COX&KINGS
2019-06-28,CREDITACC
2019-06-28,CRISIL
2019-06-28,CROMPTON
2019-06-28,CUB
2019-06-28,CUMMINSIND
2019-06-28,CYBERTECH
2019-06-28,DABUR
2019-06-28,DALMIASUG
2019-06-28,DBCORP
2019-06-28,DBL
2019-06-28,DCAL
2019-06-28,DCLPOLYE
2019-06-28,DCW
2019-06-28,DEEPAKFERT
2019-06-28,DEEPAKNTR
2019-06-28,DHAMPURSUG
2019-06-28,DHANBANK
2019-06-28,DHFL
2019-06-28,DICIND
2019-06-28,DIGJAMLMTD
2019-06-28,DISHTV
2019-06-28,DLF
2019-06-28,DMART
2019-06-28,DRREDDY
2019-06-28,DSQSOFTW
2019-06-28,ECLERX
2019-06-28,EICHERMOT
2019-06-28,EIDPARRY
2019-06-28,EIHOTEL
2019-06-28,ELECON
2019-06-28,ELGIEQUIP
2019-06-28,ELGIRUBCO
2019-06-28,ENDURANCE
2019-06-28,ENERGY
2019-06-28,ENGINERSIN
2019-06-28,ERIS
2019-06-28,ESCORTS
2019-06-28,ESSAR
2019-06-28,EXCELINDUS
2019-06-28,EXIDEIND
2019-06-28,FACT
2019-06-28,FDC
2019-06-28,FEDERALBNK
2019-06-28,FINCABLES
2019-06-28,FLFL
2019-06-28,FORTIS
2019-06-28,FOSECOIND
2019-06-28,FULFORD
2019-06-28,GAEL
2019-06-28,GAIL
2019-06-28,GALAXYSURF
2019-06-28,GANESHBE
2019-06-28,GARDEN
2019-06-28,GAYAPROJ
2019-06-28,GESHIP
2019-06-28,GHCL
2019-06-28,GICRE
2019-06-28,GILLETTE
2019-06-28,GLAXO
2019-06-28,GLENMARK
2019-06-28,GLFL
2019-06-28,GMDCLTD
2019-06-28,GNFC
2019-06-28,GODFRYPHLP
2019-06-28,GODREJAGRO
2019-06-28,GODREJCP
2019-06-28,GODREJIND
2019-06-28,GOKEX
2019-06-28,GOODRICKE
2019-06-28,GOODYEAR
2019-06-28,GPPL
2019-06-28,GRANULES
2019-06-28,GRAPHITE
2019-06-28,GRASIM
2019-06-28,GREAVESCOT
2019-06-28,GRINDWELL
2019-06-28,GRUH
2019-06-28,GSFC
2019-06-28,GSKCONS
2019-06-28,GSPL
2019-06-28,GUJALKALI
2019-06-28,GUJGASLTD
2019-06-28,GVT&D
2019-06-28,HAL
2019-06-28,HARRMALAYA
2019-06-28,HATSUN
2019-06-28,HAVELLS
2019-06-28,HCLTECH
2019-06-28,HDFC
2019-06-28,HDFCAMC
2019-06-28,HDFCBANK
2019-06-28,HDFCLIFE
2019-06-28,HEALTHCARE
2019-06-28,HEG
2019-06-28,HEIDELBERG
2019-06-28,HERBERTS
2019-06-28,HERITGFOOD
2019-06-28,HEROMOTOCO
2019-06-28,HEXT
2019-06-28,HIMACHAL
2019-06-28,HIMATSEIDE
2019-06-28,HINDALCO
2019-06-28,HINDCOPPER
2019-06-28,HINDPETRO
2019-06-28,HINDSYNTEX
2019-06-28,HINDUNILVR
2019-06-28,HINDUSTAN
2019-06-28,HINDZINC
2019-06-28,HOGANAS
2019-06-28,HONAUT
2019-06-28,HSCL
2019-06-28,HUBTOWN
2019-06-28,IBREALEST
2019-06-28,IBULLSLTD
2019-06-28,IBVENTURES
2019-06-28,ICICI
2019-06-28,ICICIBANK
2019-06-28,ICICIGI
2019-06-28,ICICIPRULI
2019-06-28,ICRA
2019-06-28,IDBI
2019-06-28,IDFCFIRSTB
2019-06-28,IFBIND
2019-06-28,IFCI
2019-06-28,IGL
2019-06-28,INDHOTEL
2019-06-28,INDIACEM
2019-06-28,INDIAGLYCO
2019-06-28,INDIANB
2019-06-28,INDIGO
2019-06-28,INDOCO
2019-06-28,INDUSINDBK
2019-06-28,INDUSTOWER
2019-06-28,INFIBEAM
2019-06-28,INFY
2019-06-28,INOXWIND
2019-06-28,INSILCO
2019-06-28,INTELLECT
2019-06-28,IOB
2019-06-28,IOC
2019-06-28,IONEXCHANG
2019-06-28,IPCALAB
2019-06-28,IPRINGS
2019-06-28,IRCON
2019-06-28,ISMT
2019-06-28,ITC
2019-06-28,ITDC
2019-06-28,ITDCEMEN
2019-06-28,ITI
2019-06-28,ITIETF
2019-06-28,ITWSIGNO
2019-06-28,JAGRAN
2019-06-28,JAICORPLTD
2019-06-28,JBCHEPHARM
2019-06-28,JBMA
2019-06-28,JETAIRWAYS
2019-06-28,JGCHEM
2019-06-28,JINDALPHOT
2019-06-28,JINDALSAW
2019-06-28,JINDALSTEL
2019-06-28,JISLJALEQS
2019-06-28,JKCEMENT
2019-06-28,JKPAPER
2019-06-28,JKTYRE
2019-06-28,JPASSOCIAT
2019-06-28,JSL
2019-06-28,JUBLFOOD
2019-06-28,JUBLINGRY
2019-06-28,KAJARIACER
2019-06-28,KANSAINER
2019-06-28,KARURVYSYA
2019-06-28,KARUTURI
2019-06-28,KEI
2019-06-28,KINETIC
2019-06-28,KIOCL
2019-06-28,KMSUGAR
2019-06-28,KNRCON
2019-06-28,KOHINOOR
2019-06-28,KOTAKBANK
2019-06-28,KPEL
2019-06-28,KRBL
2019-06-28,KRISHNA
2019-06-28,KTKBANK
2019-06-28,KUMARS
2019-06-28,LALPATHLAB
2019-06-28,LAURUSLABS
2019-06-28,LEMONTREE
2019-06-28,LICHSGFIN
2019-06-28,LINDEINDIA
2019-06-28,LT
2019-06-28,LTF
2019-06-28,LTTS
2019-06-28,LUPIN
2019-06-28,LUXIND
2019-06-28,M
2019-06-28,M&
2019-06-28,M&M
2019-06-28,MADURA
2019-06-28,MAFATIND
2019-06-28,MAHABANK
2019-06-28,MAHSCOOTER
2019-06-28,MAHSEAMLES
2019-06-28,MALWA
2019-06-28,MARICO
2019-06-28,MARUTI
2019-06-28,MASFIN
2019-06-28,MASTEK
2019-06-28,MATRIX
2019-06-28,MAXIND
2019-06-28,MERCK
2019-06-28,MERIND
2019-06-28,MFSL
2019-06-28,MGL
2019-06-28,MODIXEROX
2019-06-28,MOREPENLAB
2019-06-28,MOTHERSON
2019-06-28,MOTHERSUMI
2019-06-28,MPHASIS
2019-06-28,MRF
2019-06-28,MRPL
2019-06-28,NAGARFERT
2019-06-28,NAHAR
2019-06-28,NAHARPOLY
2019-06-28,NAHARSPING
2019-06-28,NAM-INDIA
2019-06-28,NATCOPHARM
2019-06-28,NATIONAL
2019-06-28,NATIONALUM
2019-06-28,NAVA
2019-06-28,NAVINFLUOR
2019-06-28,NCC
2019-06-28,NESCO
2019-06-28,NESTLEIND
2019-06-28,NETWORK18
2019-06-28,NFL
2019-06-28,NH
2019-06-28,NIACL
2019-06-28,NILKAMAL
2019-06-28,NIRMA
2019-06-28,NITCO
2019-06-28,NLCINDIA
2019-06-28,NMDC
2019-06-28,NTPC
2019-06-28,OBC
2019-06-28,OFSS
2019-06-28,OIL
2019-06-28,OILCOUNTUB
2019-06-28,OLECTRA
2019-06-28,OMAXAUTO
2019-06-28,OMAXE
2019-06-28,ONELIFECAP
2019-06-28,ONGC
2019-06-28,ONIDA
2019-06-28,ORIENTCEM
2019-06-28,ORIENTELEC
2019-06-28,PARAGMILK
2019-06-28,PATANJALI
2019-06-28,PATNI
2019-06-28,PATSPIN
2019-06-28,PCBL
2019-06-28,PCJEWELLER
2019-06-28,PDMJEPAPER
2019-06-28,PEL
2019-06-28,PENTAFOUR
2019-06-28,PENTAMEDIA
2019-06-28,PERSISTENT
2019-06-28,PETRONET
2019-06-28,PFIZER
2019-06-28,PGHL
2019-06-28,PHIL
2019-06-28,PHILIPS
2019-06-28,PHOENIX
2019-06-28,PIDILITIND
2019-06-28,PNB
2019-06-28,POONAWALLA
2019-06-28,PRAJIND
2019-06-28,PREMIERENE
2019-06-28,PRESTIGE
2019-06-28,PSIDATA
2019-06-28,PUNJABCHEM
2019-06-28,PUNJTRACT
2019-06-28,QUESS
2019-06-28,RAASI
2019-06-28,RAIN
2019-06-28,RAJESHEXPO
2019-06-28,RALLIS
2019-06-28,RAMCOCEM
2019-06-28,RAYMOND
2019-06-28,RBLBANK
2019-06-28,RCF
2019-06-28,RCOM
2019-06-28,RECKITT
2019-06-28,RECLTD
2019-06-28,REIAGRO
2019-06-28,RELAXO
2019-06-28,RELCAPITAL
2019-06-28,RELIANCE
2019-06-28,RELINFRA
2019-06-28,RELMEDIA
2019-06-28,RITES
2019-06-28,RKFORGE
2019-06-28,RPGTRANS
2019-06-28,RPOWER
2019-06-28,RSWM
2019-06-28,RUPA
2019-06-28,SAIL
2019-06-28,SANGHI
2019-06-28,SANOFI
2019-06-28,SAREGAMA
2019-06-28,SBILIFE
2019-06-28,SCHAEFFLER
2019-06-28,SCHENECT
2019-06-28,SCI
2019-06-28,SCILAL
2019-06-28,SESASTERL
2019-06-28,SESHAPAPER
2019-06-28,SFL
2019-06-28,SHANKARA
2019-06-28,SHARDACROP
2019-06-28,SHAWWALLA
2019-06-28,SHILPAMED
2019-06-28,SHK
2019-06-28,SHOPERSTOP
2019-06-28,SHREECEM
2019-06-28,SHRIRAMFIN
2019-06-28,SHYAMTEL
2019-06-28,SIEMENS
2019-06-28,SIS
2019-06-28,SJVN
2019-06-28,SKFINDIA
2019-06-28,SKSMICRO
2019-06-28,SOLARINDS
2019-06-28,SONATSOFTW
2019-06-28,SOUTHBANK
2019-06-28,SPARC
2019-06-28,SRF
2019-06-28,STAR
2019-06-28,STARCEMENT
2019-06-28,STYROLUT
2019-06-28,SUNCLAY
2019-06-28,SUNDARMFIN
2019-06-28,SUNDRMFAST
2019-06-28,SUNPHARMA
2019-06-28,SUPRAJIT
2019-06-28,SUPREMEIND
2019-06-28,SUVEN
2019-06-28,SYMPHONY
2019-06-28,SYNGENE
2019-06-28,TAKE
2019-06-28,TAMIL
2019-06-28,TATACHEM
2019-06-28,TATACONSUM
2019-06-28,TATAELXSI
2019-06-28,TATAINVEST
2019-06-28,TATAMETAL
2019-06-28,TATAMOTORS
2019-06-28,TATAPOWER
2019-06-28,TATASTEEL
2019-06-28,TCNSCLOTH
2019-06-28,TCS
2019-06-28,TEAMLEASE
2019-06-28,THERMAX
2019-06-28,THIRU
2019-06-28,THOMASCOOK
2019-06-28,THYROCARE
2019-06-28,TIINDIA
2019-06-28,TIMETECHNO
2019-06-28,TIMEX
2019-06-28,TIMKEN
2019-06-28,TITAN
2019-06-28,TMCV
2019-06-28,TORNTPHARM
2019-06-28,TORNTPOWER
2019-06-28,TRANSPEK
2019-06-28,TRENT
2019-06-28,TRIDENT
2019-06-28,TRITURBINE
2019-06-28,TTKPRESTIG
2019-06-28,TVTODAY
2019-06-28,UBL
2019-06-28,UCALFUEL
2019-06-28,UFLEX
2019-06-28,UJJIVAN
2019-06-28,ULTRACEMCO
2019-06-28,UNIONBANK
2019-06-28,UNOMINDA
2019-06-28,URBANCO
2019-06-28,VARROC
2019-06-28,VARUN
2019-06-28,VBL
2019-06-28,VENKEYS
2019-06-28,VISHAL
2019-06-28,VMART
2019-06-28,VOLTAS
2019-06-28,VTL
2019-06-28,WELENT
2019-06-28,WIDIA
2019-06-28,WIMCO
2019-06-28,WINDMACH
2019-06-28,WIPRO
2019-06-28,WOCKPHARMA
2019-06-28,WSI
2019-06-28,WSTCSTPAPR
2019-06-28,ZENSARTECH
2019-06-28,ZYDUSWELL
2019-09-24,3MINDIA
2019-09-24,AAVAS
2019-09-24,ABB
2019-09-24,ABBOTINDIA
2019-09-24,ABCAPITAL
2019-09-24,ABREL
2019-09-24,ACC
2019-09-24,ADANIENSOL
2019-09-24,ADANIPOWER
2019-09-24,ADVENZYMES
2019-09-24,AEGISLOG
2019-09-24,AGCNETWO
2019-09-24,AIAENG
2019-09-24,AKZOINDIA
2019-09-24,ALKEM
2019-09-24,ALLCARGO
2019-09-24,ALTOS
2019-09-24,AMBALAL
2019-09-24,AMBUJACEM
2019-09-24,APLAPOLLO
2019-09-24,APOLLOHOSP
2019-09-24,APOLLOTYRE
2019-09-24,APPAPER
2019-09-24,APPLE
2019-09-24,ASAHIINDIA
2019-09-24,ASHOKLEY
2019-09-24,ASIANPAINT
2019-09-24,ASTERDM
2019-09-24,ASTRAZENCA
2019-09-24,ATUL
2019-09-24,ATULAUTO
2019-09-24,AUBANK
2019-09-24,AVANTIFEED
2019-09-24,AVERY
2019-09-24,AXISBANK
2019-09-24,BAJAJ
2019-09-24,BAJAJ-AUTO
2019-09-24,BAJAJHLDNG
2019-09-24,BAJFINANCE
2019-09-24,BALMLAWRIE
2019-09-24,BALRAMCHIN
2019-09-24,BANKBARODA
2019-09-24,BASF
2019-09-24,BATAINDIA
2019-09-24,BBTC
2019-09-24,BDL
2019-09-24,BEL
2019-09-24,BEML
2019-09-24,BERGEPAINT
2019-09-24,BHARATFORG
2019-09-24,BHARTIARTL
2019-09-24,BHEL
2019-09-24,BI
2019-09-24,BIOCON
2019-09-24,BIRLACORPN
2019-09-24,BLISSGVS
2019-09-24,BLUEDART
2019-09-24,BLUESTARCO
2019-09-24,BOMDYEING
2019-09-24,BOSCH-HCIL
2019-09-24,BOSCHLTD
2019-09-24,BPCL
2019-09-24,BRIGADE
2019-09-24,BRITANNIA
2019-09-24,BSE
2019-09-24,BSOFT
2019-09-24,CABLE
2019-09-24,CANBK
2019-09-24,CANFINHOME
2019-09-24,CAPLIN
2019-09-24,CASTROLIND
2019-09-24,CCL
2019-09-24,CDSL
2019-09-24,CEATLTD
2019-09-24,CENTRALBK
2019-09-24,CERA
2019-09-24,CESC
2019-09-24,CGPOWER
2019-09-24,CHALET
2019-09-24,CHAMBLFERT
2019-09-24,CHEMINOR
2019-09-24,CHENNPETRO
2019-09-24,CHETTINAD
2019-09-24,CHOLAFIN
2019-09-24,CHOLAHLDNG
2019-09-24,CIPLA
2019-09-24,CMC
2019-09-24,COALINDIA
2019-09-24,COCHINSHIP
2019-09-24,COFFEEDAY
2019-09-24,COFORGE
2019-09-24,COLPAL
2019-09-24,CONCOR
2019-09-24,CONSOFINVT
2019-09-24,COROMANDEL
2019-09-24,COX&KINGS
2019-09-24,CREDITACC
2019-09-24,CRISIL
2019-09-24,CROMPTON
2019-09-24,CUB
2019-09-24,CUMMINSIND
2019-09-24,CYBERTECH
2019-09-24,DABUR
2019-09-24,DALMIASUG
2019-09-24,DBCORP
2019-09-24,DBL
2019-09-24,DCAL
2019-09-24,DCLPOLYE
2019-09-24,DCW
2019-09-24,DEEPAKFERT
2019-09-24,DEEPAKNTR
2019-09-24,DHAMPURSUG
2019-09-24,DHANBANK
2019-09-24,DHFL
2019-09-24,DICIND
2019-09-24,DIGJAMLMTD
2019-09-24,DISHTV
2019-09-24,DLF
2019-09-24,DMART
2019-09-24,DRREDDY
2019-09-24,DSQSOFTW
2019-09-24,ECLERX
2019-09-24,EICHERMOT
2019-09-24,EIDPARRY
2019-09-24,EIHOTEL
2019-09-24,ELECON
2019-09-24,ELGIEQUIP
2019-09-24,ELGIRUBCO
2019-09-24,ENDURANCE
2019-09-24,ENERGY
2019-09-24,ENGINERSIN
2019-09-24,ERIS
2019-09-24,ESCORTS
2019-09-24,ESSAR
2019-09-24,EXCELINDUS
2019-09-24,EXIDEIND
2019-09-24,FACT
2019-09-24,FDC
2019-09-24,FEDERALBNK
2019-09-24,FINCABLES
2019-09-24,FLFL
2019-09-24,FORTIS
2019-09-24,FOSECOIND
2019-09-24,FULFORD
2019-09-24,GAEL
2019-09-24,GAIL
2019-09-24,GALAXYSURF
2019-09-24,GANESHBE
2019-09-24,GARDEN
2019-09-24,GAYAPROJ
2019-09-24,GESHIP
2019-09-24,GHCL
2019-09-24,GICRE
2019-09-24,GILLETTE
2019-09-24,GLAXO
2019-09-24,GLENMARK
2019-09-24,GLFL
2019-09-24,GMDCLTD
2019-09-24,GNFC
2019-09-24,GODFRYPHLP
2019-09-24,GODREJAGRO
2019-09-24,GODREJCP
2019-09-24,GODREJIND
2019-09-24,GOKEX
2019-09-24,GOODRICKE
2019-09-24,GOODYEAR
2019-09-24,GPPL
2019-09-24,GRANULES
2019-09-24,GRAPHITE
2019-09-24,GRASIM
2019-09-24,GREAVESCOT
2019-09-24,GRINDWELL
2019-09-24,GRUH
2019-09-24,GSFC
2019-09-24,GSKCONS
2019-09-24,GSPL
2019-09-24,GUJALKALI
2019-09-24,GUJGASLTD
2019-09-24,GVT&D
2019-09-24,HAL
2019-09-24,HARRMALAYA
2019-09-24,HATSUN
2019-09-24,HAVELLS
2019-09-24,HCLTECH
2019-09-24,HDFC
2019-09-24,HDFCAMC
2019-09-24,HDFCBANK
2019-09-24,HDFCLIFE
2019-09-24,HEALTHCARE
2019-09-24,HEG
2019-09-24,HEIDELBERG
2019-09-24,HERBERTS
2019-09-24,HERITGFOOD
2019-09-24,HEROMOTOCO
2019-09-24,HEXT
2019-09-24,HIMACHAL
2019-09-24,HIMATSEIDE
2019-09-24,HINDALCO
2019-09-24,HINDCOPPER
2019-09-24,HINDPETRO
2019-09-24,HINDSYNTEX
2019-09-24,HINDUNILVR
2019-09-24,HINDUSTAN
2019-09-24,HINDZINC
2019-09-24,HOGANAS
2019-09-24,HONAUT
2019-09-24,HSCL
2019-09-24,HUBTOWN
2019-09-24,IBREALEST
2019-09-24,IBULLSLTD
2019-09-24,IBVENTURES
2019-09-24,ICICI
2019-09-24,ICICIBANK
2019-09-24,ICICIGI
2019-09-24,ICICIPRULI
2019-09-24,ICRA
2019-09-24,IDBI
2019-09-24,IDFCFIRSTB
2019-09-24,IFBIND
2019-09-24,IFCI
2019-09-24,IGL
2019-09-24,INDHOTEL
2019-09-24,INDIACEM
2019-09-24,INDIAGLYCO
2019-09-24,INDIANB
2019-09-24,INDIGO
2019-09-24,INDOCO
2019-09-24,INDUSINDBK
2019-09-24,INDUSTOWER
2019-09-24,INFIBEAM
2019-09-24,INFY
2019-09-24,INOXWIND
2019-09-24,INSILCO
2019-09-24,INTELLECT
2019-09-24,IOB
2019-09-24,IOC
2019-09-24,IONEXCHANG
2019-09-24,IPCALAB
2019-09-24,IPRINGS
2019-09-24,IRCON
2019-09-24,ISMT
2019-09-24,ITC
2019-09-24,ITDC
2019-09-24,ITDCEMEN
2019-09-24,ITI
2019-09-24,ITIETF
2019-09-24,ITWSIGNO
2019-09-24,JAGRAN
2019-09-24,JAICORPLTD
2019-09-24,JBCHEPHARM
2019-09-24,JBMA
2019-09-24,JGCHEM
2019-09-24,JINDALPHOT
2019-09-24,JINDALSAW
2019-09-24,JINDALSTEL
2019-09-24,JISLJALEQS
2019-09-24,JKCEMENT
2019-09-24,JKPAPER
2019-09-24,JKTYRE
2019-09-24,JPASSOCIAT
2019-09-24,JSL
2019-09-24,JUBLFOOD
2019-09-24,JUBLINGRY
2019-09-24,KAJARIACER
2019-09-24,KANSAINER
2019-09-24,KARURVYSYA
2019-09-24,KARUTURI
2019-09-24,KEI
2019-09-24,KINETIC
2019-09-24,KIOCL
2019-09-24,KMSUGAR
2019-09-24,KNRCON
2019-09-24,KOHINOOR
2019-09-24,KOTAKBANK
2019-09-24,KPEL
2019-09-24,KRBL
2019-09-24,KRISHNA
2019-09-24,KTKBANK
2019-09-24,KUMARS
2019-09-24,LALPATHLAB
2019-09-24,LAURUSLABS
2019-09-24,LEMONTREE
2019-09-24,LICHSGFIN
2019-09-24,LINDEINDIA
2019-09-24,LT
2019-09-24,LTF
2019-09-24,LTTS
2019-09-24,LUPIN
2019-09-24,LUXIND
2019-09-24,M
2019-09-24,M&
2019-09-24,M&M
2019-09-24,MADURA
2019-09-24,MAFATIND
2019-09-24,MAHABANK
2019-09-24,MAHSCOOTER
2019-09-24,MAHSEAMLES
2019-09-24,MALWA
2019-09-24,MARICO
2019-09-24,MARUTI
2019-09-24,MASFIN
2019-09-24,MASTEK
2019-09-24,MATRIX
2019-09-24,MAXIND
2019-09-24,MERCK
2019-09-24,MERIND
2019-09-24,MFSL
2019-09-24,MGL
2019-09-24,MODIXEROX
2019-09-24,MOREPENLAB
2019-09-24,MOTHERSON
2019-09-24,MOTHERSUMI
2019-09-24,MPHASIS
2019-09-24,MRF
2019-09-24,MRPL
2019-09-24,NAGARFERT
2019-09-24,NAHAR
2019-09-24,NAHARPOLY
2019-09-24,NAHARSPING
2019-09-24,NAM-INDIA
2019-09-24,NATCOPHARM
2019-09-24,NATIONAL
2019-09-24,NATIONALUM
2019-09-24,NAVA
2019-09-24,NAVINFLUOR
2019-09-24,NCC
2019-09-24,NESCO
2019-09-24,NESTLEIND
2019-09-24,NETWORK18
2019-09-24,NFL
2019-09-24,NH
2019-09-24,NIACL
2019-09-24,NILKAMAL
2019-09-24,NIRMA
2019-09-24,NITCO
2019-09-24,NLCINDIA
2019-09-24,NMDC
2019-09-24,NTPC
2019-09-24,OBC
2019-09-24,OFSS
2019-09-24,OIL
2019-09-24,OILCOUNTUB
2019-09-24,OLECTRA
2019-09-24,OMAXAUTO
2019-09-24,OMAXE
2019-09-24,ONELIFECAP
2019-09-24,ONGC
2019-09-24,ONIDA
2019-09-24,ORIENTCEM
2019-09-24,ORIENTELEC
2019-09-24,PARAGMILK
2019-09-24,PATANJALI
2019-09-24,PATNI
2019-09-24,PATSPIN
2019-09-24,PCBL
2019-09-24,PCJEWELLER
2019-09-24,PDMJEPAPER
2019-09-24,PEL
2019-09-24,PENTAFOUR
2019-09-24,PENTAMEDIA
2019-09-24,PERSISTENT
2019-09-24,PETRONET
2019-09-24,PFIZER
2019-09-24,PGHL
2019-09-24,PHIL
2019-09-24,PHILIPS
2019-09-24,PHOENIX
2019-09-24,PIDILITIND
2019-09-24,PNB
2019-09-24,POONAWALLA
2019-09-24,PRAJIND
2019-09-24,PREMIERENE
2019-09-24,PRESTIGE
2019-09-24,PSIDATA
2019-09-24,PUNJABCHEM
2019-09-24,PUNJTRACT
2019-09-24,QUESS
2019-09-24,RAASI
2019-09-24,RAIN
2019-09-24,RAJESHEXPO
2019-09-24,RALLIS
2019-09-24,RAMCOCEM
2019-09-24,RAYMOND
2019-09-24,RBLBANK
2019-09-24,RCF
2019-09-24,RCOM
2019-09-24,RECKITT
2019-09-24,RECLTD
2019-09-24,REIAGRO
2019-09-24,RELAXO
2019-09-24,RELCAPITAL
2019-09-24,RELIANCE
2019-09-24,RELINFRA
2019-09-24,RELMEDIA
2019-09-24,RITES
2019-09-24,RKFORGE
2019-09-24,RPGTRANS
2019-09-24,RPOWER
2019-09-24,RSWM
2019-09-24,RUPA
2019-09-24,SAIL
2019-09-24,SANGHI
2019-09-24,SANOFI
2019-09-24,SAREGAMA
2019-09-24,SBILIFE
2019-09-24,SCHAEFFLER
2019-09-24,SCHENECT
2019-09-24,SCI
2019-09-24,SCILAL
2019-09-24,SESASTERL
2019-09-24,SESHAPAPER
2019-09-24,SFL
2019-09-24,SHANKARA
2019-09-24,SHARDACROP
2019-09-24,SHAWWALLA
2019-09-24,SHILPAMED
2019-09-24,SHK
2019-09-24,SHOPERSTOP
2019-09-24,SHREECEM
2019-09-24,SHRIRAMFIN
2019-09-24,SHYAMTEL
2019-09-24,SIEMENS
2019-09-24,SIS
2019-09-24,SJVN
2019-09-24,SKFINDIA
2019-09-24,SKSMICRO
2019-09-24,SOLARINDS
2019-09-24,SONATSOFTW
2019-09-24,SOUTHBANK
2019-09-24,SPARC
2019-09-24,SRF
2019-09-24,STAR
2019-09-24,STARCEMENT
2019-09-24,STYROLUT
2019-09-24,SUNCLAY
2019-09-24,SUNDARMFIN
2019-09-24,SUNDRMFAST
2019-09-24,SUNPHARMA
2019-09-24,SUPRAJIT
2019-09-24,SUPREMEIND
2019-09-24,SUVEN
2019-09-24,SYMPHONY
2019-09-24,SYNGENE
2019-09-24,TAKE
2019-09-24,TAMIL
2019-09-24,TATACHEM
2019-09-24,TATACONSUM
2019-09-24,TATAELXSI
2019-09-24,TATAINVEST
2019-09-24,TATAMETAL
2019-09-24,TATAMOTORS
2019-09-24,TATAPOWER
2019-09-24,TATASTEEL
2019-09-24,TCNSCLOTH
2019-09-24,TCS
2019-09-24,TEAMLEASE
2019-09-24,THERMAX
2019-09-24,THIRU
2019-09-24,THOMASCOOK
2019-09-24,THYROCARE
2019-09-24,TIINDIA
2019-09-24,TIMETECHNO
2019-09-24,TIMEX
2019-09-24,TIMKEN
2019-09-24,TITAN
2019-09-24,TMCV
2019-09-24,TORNTPHARM
2019-09-24,TORNTPOWER
2019-09-24,TRANSPEK
2019-09-24,TRENT
2019-09-24,TRIDENT
2019-09-24,TRITURBINE
2019-09-24,TTKPRESTIG
2019-09-24,TVTODAY
2019-09-24,UBL
2019-09-24,UCALFUEL
2019-09-24,UFLEX
2019-09-24,UJJIVAN
2019-09-24,ULTRACEMCO
2019-09-24,UNIONBANK
2019-09-24,UNOMINDA
2019-09-24,URBANCO
2019-09-24,VAIBHAVGBL
2019-09-24,VARROC
2019-09-24,VARUN
2019-09-24,VBL
2019-09-24,VENKEYS
2019-09-24,VISHAL
2019-09-24,VMART
2019-09-24,VOLTAS
2019-09-24,VTL
2019-09-24,WELENT
2019-09-24,WIDIA
2019-09-24,WIMCO
2019-09-24,WINDMACH
2019-09-24,WIPRO
2019-09-24,WOCKPHARMA
2019-09-24,WSI
2019-09-24,WSTCSTPAPR
2019-09-24,ZENSARTECH
2019-09-24,ZYDUSWELL
2019-09-27,3MINDIA
2019-09-27,AAVAS
2019-09-27,ABBOTINDIA
2019-09-27,ABCAPITAL
2019-09-27,ABREL
2019-09-27,ACC
2019-09-27,ADANIENSOL
2019-09-27,ADANIPOWER
2019-09-27,ADVENZYMES
2019-09-27,AEGISLOG
2019-09-27,AGCNETWO
2019-09-27,AIAENG
2019-09-27,AKZOINDIA
2019-09-27,ALKEM
2019-09-27,ALLCARGO
2019-09-27,ALTOS
2019-09-27,AMBALAL
2019-09-27,AMBER
2019-09-27,AMBUJACEM
2019-09-27,APLAPOLLO
2019-09-27,APOLLOHOSP
2019-09-27,APOLLOTYRE
2019-09-27,APPAPER
2019-09-27,APPLE
2019-09-27,ARVIND
2019-09-27,ASAHIINDIA
2019-09-27,ASHOKLEY
2019-09-27,ASIANPAINT
2019-09-27,ASTERDM
2019-09-27,ASTRAZENCA
2019-09-27,ATGL
2019-09-27,ATUL
2019-09-27,ATULAUTO
2019-09-27,AUBANK
2019-09-27,AVANTIFEED
2019-09-27,AVERY
2019-09-27,AXISBANK
2019-09-27,BAJAJ
2019-09-27,BAJAJ-AUTO
2019-09-27,BAJAJHLDNG
2019-09-27,BAJFINANCE
2019-09-27,BALMLAWRIE
2019-09-27,BALRAMCHIN
2019-09-27,BANKBARODA
2019-09-27,BASF
2019-09-27,BATAINDIA
2019-09-27,BAYERCROP
2019-09-27,BBTC
2019-09-27,BDL
2019-09-27,BEL
2019-09-27,BEML
2019-09-27,BERGEPAINT
2019-09-27,BHARATFORG
2019-09-27,BHARTIARTL
2019-09-27,BHEL
2019-09-27,BI
2019-09-27,BIOCON
2019-09-27,BIRLACORPN
2019-09-27,BLISSGVS
2019-09-27,BLUEDART
2019-09-27,BLUESTARCO
2019-09-27,BOMDYEING
2019-09-27,BOSCH-HCIL
2019-09-27,BOSCHLTD
2019-09-27,BPCL
2019-09-27,BRIGADE
2019-09-27,BRITANNIA
2019-09-27,BSE
2019-09-27,BSOFT
2019-09-27,CABLE
2019-09-27,CANBK
2019-09-27,CANFINHOME
2019-09-27,CAPLIN
2019-09-27,CASTROLIND
2019-09-27,CCL
2019-09-27,CDSL
2019-09-27,CEATLTD
2019-09-27,CENTRALBK
2019-09-27,CERA
2019-09-27,CESC
2019-09-27,CGCL
2019-09-27,CGPOWER
2019-09-27,CHALET
2019-09-27,CHAMBLFERT
2019-09-27,CHEMINOR
2019-09-27,CHENNPETRO
2019-09-27,CHETTINAD
2019-09-27,CHOLAFIN
2019-09-27,CHOLAHLDNG
2019-09-27,CIPLA
2019-09-27,CMC
2019-09-27,COALINDIA
2019-09-27,COCHINSHIP
2019-09-27,COFFEEDAY
2019-09-27,COFORGE
2019-09-27,COLPAL
2019-09-27,CONCOR
2019-09-27,CONSOFINVT
2019-09-27,COROMANDEL
2019-09-27,COX&KINGS
2019-09-27,CREDITACC
2019-09-27,CRISIL
2019-09-27,CROMPTON
2019-09-27,CUB
2019-09-27,CUMMINSIND
2019-09-27,CYBERTECH
2019-09-27,DABUR
2019-09-27,DALMIASUG
2019-09-27,DBCORP
2019-09-27,DBL
2019-09-27,DCAL
2019-09-27,DCLPOLYE
2019-09-27,DCW
2019-09-27,DEEPAKFERT
2019-09-27,DEEPAKNTR
2019-09-27,DEN
2019-09-27,DHAMPURSUG
2019-09-27,DHANBANK
2019-09-27,DHFL
2019-09-27,DICIND
2019-09-27,DIGJAMLMTD
2019-09-27,DISHTV
2019-09-27,DLF
2019-09-27,DMART
2019-09-27,DRREDDY
2019-09-27,DSQSOFTW
2019-09-27,ECLERX
2019-09-27,EICHERMOT
2019-09-27,EIDPARRY
2019-09-27,EIHOTEL
2019-09-27,ELECON
2019-09-27,ELGIEQUIP
2019-09-27,ELGIRUBCO
2019-09-27,ENDURANCE
2019-09-27,ENERGY
2019-09-27,ENGINERSIN
2019-09-27,ERIS
2019-09-27,ESCORTS
2019-09-27,ESSAR
2019-09-27,EXCELINDUS
2019-09-27,EXIDEIND
2019-09-27,FACT
2019-09-27,FDC
2019-09-27,FEDERALBNK
2019-09-27,FINCABLES
2019-09-27,FLFL
2019-09-27,FMGOETZE
2019-09-27,FORTIS
2019-09-27,FOSECOIND
2019-09-27,FULFORD
2019-09-27,GAEL
2019-09-27,GAIL
2019-09-27,GALAXYSURF
2019-09-27,GANESHBE
2019-09-27,GARDEN
2019-09-27,GARWARE
2019-09-27,GAYAPROJ
2019-09-27,GESHIP
2019-09-27,GHCL
2019-09-27,GICRE
2019-09-27,GILLETTE
2019-09-27,GLAXO
2019-09-27,GLENMARK
2019-09-27,GLFL
2019-09-27,GMDCLTD
2019-09-27,GNFC
2019-09-27,GODFRYPHLP
2019-09-27,GODREJAGRO
2019-09-27,GODREJCP
2019-09-27,GODREJIND
2019-09-27,GOKEX
2019-09-27,GOODRICKE
2019-09-27,GOODYEAR
2019-09-27,GPPL
2019-09-27,GRANULES
2019-09-27,GRAPHITE
2019-09-27,GRASIM
2019-09-27,GREAVESCOT
2019-09-27,GRINDWELL
2019-09-27,GSFC
2019-09-27,GSPL
2019-09-27,GUJALKALI
2019-09-27,GUJGASLTD
2019-09-27,GVT&D
2019-09-27,HAL
2019-09-27,HARRMALAYA
2019-09-27,HATSUN
2019-09-27,HAVELLS
2019-09-27,HCLTECH
2019-09-27,HDFC
2019-09-27,HDFCAMC
2019-09-27,HDFCBANK
2019-09-27,HDFCLIFE
2019-09-27,HEALTHCARE
2019-09-27,HEG
2019-09-27,HEIDELBERG
2019-09-27,HERBERTS
2019-09-27,HERITGFOOD
2019-09-27,HEROMOTOCO
2019-09-27,HEXT
2019-09-27,HIMACHAL
2019-09-27,HIMATSEIDE
2019-09-27,HINDALCO
2019-09-27,HINDCOPPER
2019-09-27,HINDPETRO
2019-09-27,HINDSYNTEX
2019-09-27,HINDUNILVR
2019-09-27,HINDUSTAN
2019-09-27,HINDZINC
2019-09-27,HOGANAS
2019-09-27,HONAUT
2019-09-27,HSCL
2019-09-27,HUBTOWN
2019-09-27,IBREALEST
2019-09-27,IBULLSLTD
2019-09-27,IBVENTURES
2019-09-27,ICICI
2019-09-27,ICICIBANK
2019-09-27,ICICIGI
2019-09-27,ICICIPRULI
2019-09-27,ICRA
2019-09-27,IDBI
2019-09-27,IDFCFIRSTB
2019-09-27,IFBIND
2019-09-27,IFCI
2019-09-27,IGL
2019-09-27,IIFL
2019-09-27,INDHOTEL
2019-09-27,INDIACEM
2019-09-27,INDIAGLYCO
2019-09-27,INDIANB
2019-09-27,INDIGO
2019-09-27,INDUSINDBK
2019-09-27,INDUSTOWER
2019-09-27,INFIBEAM
2019-09-27,INFY
2019-09-27,INSILCO
2019-09-27,INTELLECT
2019-09-27,IOB
2019-09-27,IOC
2019-09-27,IONEXCHANG
2019-09-27,IPCALAB
2019-09-27,IPRINGS
2019-09-27,IRCON
2019-09-27,ISMT
2019-09-27,ITC
2019-09-27,ITDC
2019-09-27,ITDCEMEN
2019-09-27,ITI
2019-09-27,ITIETF
2019-09-27,ITWSIGNO
2019-09-27,JAGRAN
2019-09-27,JAICORPLTD
2019-09-27,JBCHEPHARM
2019-09-27,JBMA
2019-09-27,JGCHEM
2019-09-27,JINDALPHOT
2019-09-27,JINDALSAW
2019-09-27,JINDALSTEL
2019-09-27,JISLJALEQS
2019-09-27,JKCEMENT
2019-09-27,JKPAPER
2019-09-27,JKTYRE
2019-09-27,JSL
2019-09-27,JUBLFOOD
2019-09-27,JUBLINGRY
2019-09-27,KAJARIACER
2019-09-27,KANSAINER
2019-09-27,KARURVYSYA
2019-09-27,KARUTURI
2019-09-27,KEI
2019-09-27,KINETIC
2019-09-27,KMSUGAR
2019-09-27,KNRCON
2019-09-27,KOHINOOR
2019-09-27,KOTAKBANK
2019-09-27,KPEL
2019-09-27,KPITTECH
2019-09-27,KRBL
2019-09-27,KRISHNA
2019-09-27,KTKBANK
2019-09-27,KUMARS
2019-09-27,LALPATHLAB
2019-09-27,LAURUSLABS
2019-09-27,LEMONTREE
2019-09-27,LICHSGFIN
2019-09-27,LINDEINDIA
2019-09-27,LT
2019-09-27,LTTS
2019-09-27,LUPIN
2019-09-27,LUXIND
2019-09-27,M
2019-09-27,M&
2019-09-27,M&M
2019-09-27,MADURA
2019-09-27,MAFATIND
2019-09-27,MAHABANK
2019-09-27,MAHSCOOTER
2019-09-27,MAHSEAMLES
2019-09-27,MALWA
2019-09-27,MARICO
2019-09-27,MARUTI
2019-09-27,MASFIN
2019-09-27,MASTEK
2019-09-27,MATRIX
2019-09-27,MAXIND
2019-09-27,MCX
2019-09-27,MERCK
2019-09-27,MERIND
2019-09-27,METROPOLIS
2019-09-27,MFSL
2019-09-27,MGL
2019-09-27,MODIXEROX
2019-09-27,MOREPENLAB
2019-09-27,MOTHERSON
2019-09-27,MOTHERSUMI
2019-09-27,MPHASIS
2019-09-27,MRF
2019-09-27,MRPL
2019-09-27,NAGARFERT
2019-09-27,NAHAR
2019-09-27,NAHARPOLY
2019-09-27,NAHARSPING
2019-09-27,NAM-INDIA
2019-09-27,NATCOPHARM
2019-09-27,NATIONAL
2019-09-27,NATIONALUM
2019-09-27,NAVA
2019-09-27,NAVINFLUOR
2019-09-27,NCC
2019-09-27,NESCO
2019-09-27,NESTLEIND
2019-09-27,NETWORK18
2019-09-27,NFL
2019-09-27,NH
2019-09-27,NIACL
2019-09-27,NILKAMAL
2019-09-27,NIRMA
2019-09-27,NITCO
2019-09-27,NLCINDIA
2019-09-27,NMDC
2019-09-27,NTPC
2019-09-27,OBC
2019-09-27,OFSS
2019-09-27,OIL
2019-09-27,OILCOUNTUB
2019-09-27,OLECTRA
2019-09-27,OMAXAUTO
2019-09-27,OMAXE
2019-09-27,ONELIFECAP
2019-09-27,ONGC
2019-09-27,ONIDA
2019-09-27,ORIENTCEM
2019-09-27,ORIENTELEC
2019-09-27,ORIENTREF
2019-09-27,PARAGMILK
2019-09-27,PATANJALI
2019-09-27,PATNI
2019-09-27,PATSPIN
2019-09-27,PCBL
2019-09-27,PCJEWELLER
2019-09-27,PDMJEPAPER
2019-09-27,PEL
2019-09-27,PENTAFOUR
2019-09-27,PENTAMEDIA
2019-09-27,PERSISTENT
2019-09-27,PETRONET
2019-09-27,PFIZER
2019-09-27,PGHL
2019-09-27,PHIL
2019-09-27,PHILIPS
2019-09-27,PHOENIX
2019-09-27,PIDILITIND
2019-09-27,PNB
2019-09-27,POLYCAB
2019-09-27,POONAWALLA
2019-09-27,PRAJIND
2019-09-27,PREMIERENE
2019-09-27,PRESTIGE
2019-09-27,PSIDATA
2019-09-27,PUNJABCHEM
2019-09-27,PUNJTRACT
2019-09-27,QUESS
2019-09-27,RAASI
2019-09-27,RAIN
2019-09-27,RAJESHEXPO
2019-09-27,RALLIS
2019-09-27,RAMCOCEM
2019-09-27,RATNAMANI
2019-09-27,RAYMOND
2019-09-27,RBLBANK
2019-09-27,RCF
2019-09-27,RECKITT
2019-09-27,RECLTD
2019-09-27,REIAGRO
2019-09-27,RELAXO
2019-09-27,RELCAPITAL
2019-09-27,RELIANCE
2019-09-27,RELINFRA
2019-09-27,RELMEDIA
2019-09-27,RITES
2019-09-27,RPGTRANS
2019-09-27,RPOWER
2019-09-27,RSWM
2019-09-27,RVNL
2019-09-27,SAIL
2019-09-27,SANGHI
2019-09-27,SANOFI
2019-09-27,SAREGAMA
2019-09-27,SBILIFE
2019-09-27,SCHAEFFLER
2019-09-27,SCHENECT
2019-09-27,SCI
2019-09-27,SESASTERL
2019-09-27,SESHAPAPER
2019-09-27,SFL
2019-09-27,SHAWWALLA
2019-09-27,SHILPAMED
2019-09-27,SHK
2019-09-27,SHOPERSTOP
2019-09-27,SHREECEM
2019-09-27,SHRIRAMFIN
2019-09-27,SHYAMTEL
2019-09-27,SIEMENS
2019-09-27,SIS
2019-09-27,SJVN
2019-09-27,SKFINDIA
2019-09-27,SKSMICRO
2019-09-27,SOLARINDS
2019-09-27,SONATSOFTW
2019-09-27,SOUTHBANK
2019-09-27,SPARC
2019-09-27,SRF
2019-09-27,STAR
2019-09-27,STARCEMENT
2019-09-27,STYROLUT
2019-09-27,SUNCLAY
2019-09-27,SUNDARMFIN
2019-09-27,SUNDRMFAST
2019-09-27,SUNPHARMA
2019-09-27,SUPRAJIT
2019-09-27,SUPREMEIND
2019-09-27,SUVEN
2019-09-27,SYMPHONY
2019-09-27,SYNGENE
2019-09-27,TAKE
2019-09-27,TATACHEM
2019-09-27,TATACONSUM
2019-09-27,TATAELXSI
2019-09-27,TATAINVEST
2019-09-27,TATAMETAL
2019-09-27,TATAMOTORS
2019-09-27,TATAPOWER
2019-09-27,TATASTEEL
2019-09-27,TCIEXP
2019-09-27,TCNSCLOTH
2019-09-27,TCS
2019-09-27,TEAMLEASE
2019-09-27,TECHNOE
2019-09-27,THERMAX
2019-09-27,THIRU
2019-09-27,THYROCARE
2019-09-27,TIINDIA
2019-09-27,TIMETECHNO
2019-09-27,TIMEX
2019-09-27,TIMKEN
2019-09-27,TITAN
2019-09-27,TMCV
2019-09-27,TORNTPHARM
2019-09-27,TORNTPOWER
2019-09-27,TRANSPEK
2019-09-27,TRENT
2019-09-27,TRIDENT
2019-09-27,TTKPRESTIG
2019-09-27,TVTODAY
2019-09-27,UBL
2019-09-27,UCALFUEL
2019-09-27,UFLEX
2019-09-27,UJJIVAN
2019-09-27,ULTRACEMCO
2019-09-27,UNIONBANK
2019-09-27,UNOMINDA
2019-09-27,URBANCO
2019-09-27,VARROC
2019-09-27,VARUN
2019-09-27,VBL
2019-09-27,VENKEYS
2019-09-27,VISHAL
2019-09-27,VMART
2019-09-27,VOLTAS
2019-09-27,VTL
2019-09-27,WELENT
2019-09-27,WIDIA
2019-09-27,WIMCO
2019-09-27,WINDMACH
2019-09-27,WIPRO
2019-09-27,WOCKPHARMA
2019-09-27,WSI
2019-09-27,WSTCSTPAPR
2019-09-27,ZENSARTECH
2019-09-27,ZYDUSWELL
2019-12-26,3MINDIA
2019-12-26,AAVAS
2019-12-26,ABBOTINDIA
2019-12-26,ABCAPITAL
2019-12-26,ABREL
2019-12-26,ACC
2019-12-26,ADANIENSOL
2019-12-26,ADANIPOWER
2019-12-26,ADVENZYMES
2019-12-26,AEGISLOG
2019-12-26,AFFLE
2019-12-26,AGCNETWO
2019-12-26,AIAENG
2019-12-26,AKZOINDIA
2019-12-26,ALKEM
2019-12-26,ALLCARGO
2019-12-26,ALTOS
2019-12-26,AMBALAL
2019-12-26,AMBER
2019-12-26,AMBUJACEM
2019-12-26,APLAPOLLO
2019-12-26,APOLLOHOSP
2019-12-26,APOLLOTYRE
2019-12-26,APPAPER
2019-12-26,APPLE
2019-12-26,ARVIND
2019-12-26,ASAHIINDIA
2019-12-26,ASHOKLEY
2019-12-26,ASIANPAINT
2019-12-26,ASTERDM
2019-12-26,ASTRAZENCA
2019-12-26,ATGL
2019-12-26,ATUL
2019-12-26,ATULAUTO
2019-12-26,AUBANK
2019-12-26,AVANTIFEED
2019-12-26,AVERY
2019-12-26,AXISBANK
2019-12-26,BAJAJ
2019-12-26,BAJAJ-AUTO
2019-12-26,BAJAJHLDNG
2019-12-26,BAJFINANCE
2019-12-26,BALMLAWRIE
2019-12-26,BALRAMCHIN
2019-12-26,BANKBARODA
2019-12-26,BASF
2019-12-26,BATAINDIA
2019-12-26,BAYERCROP
2019-12-26,BBTC
2019-12-26,BDL
2019-12-26,BEL
2019-12-26,BEML
2019-12-26,BERGEPAINT
2019-12-26,BHARATFORG
2019-12-26,BHARTIARTL
2019-12-26,BHEL
2019-12-26,BI
2019-12-26,BIOCON
2019-12-26,BIRLACORPN
2019-12-26,BLISSGVS
2019-12-26,BLUEDART
2019-12-26,BLUESTARCO
2019-12-26,BOMDYEING
2019-12-26,BOSCH-HCIL
2019-12-26,BOSCHLTD
2019-12-26,BPCL
2019-12-26,BRIGADE
2019-12-26,BRITANNIA
2019-12-26,BSE
2019-12-26,BSOFT
2019-12-26,CABLE
2019-12-26,CANBK
2019-12-26,CANFINHOME
2019-12-26,CAPLIN
2019-12-26,CASTROLIND
2019-12-26,CCL
2019-12-26,CDSL
2019-12-26,CEATLTD
2019-12-26,CENTRALBK
2019-12-26,CERA
2019-12-26,CESC
2019-12-26,CGCL
2019-12-26,CHALET
2019-12-26,CHAMBLFERT
2019-12-26,CHEMINOR
2019-12-26,CHENNPETRO
2019-12-26,CHETTINAD
2019-12-26,CHOLAFIN
2019-12-26,CHOLAHLDNG
2019-12-26,CIPLA
2019-12-26,CMC
2019-12-26,COALINDIA
2019-12-26,COCHINSHIP
2019-12-26,COFORGE
2019-12-26,COLPAL
2019-12-26,CONCOR
2019-12-26,CONSOFINVT
2019-12-26,COROMANDEL
2019-12-26,CREDITACC
2019-12-26,CRISIL
2019-12-26,CROMPTON
2019-12-26,CUB
2019-12-26,CUMMINSIND
2019-12-26,CYBERTECH
2019-12-26,DABUR
2019-12-26,DALMIASUG
2019-12-26,DBCORP
2019-12-26,DBL
2019-12-26,DCAL
2019-12-26,DCLPOLYE
2019-12-26,DCW
2019-12-26,DEEPAKFERT
2019-12-26,DEEPAKNTR
2019-12-26,DEN
2019-12-26,DHAMPURSUG
2019-12-26,DHANBANK
2019-12-26,DHFL
2019-12-26,DICIND
2019-12-26,DIGJAMLMTD
2019-12-26,DISHTV
2019-12-26,DLF
2019-12-26,DMART
2019-12-26,DRREDDY
2019-12-26,DSQSOFTW
2019-12-26,ECLERX
2019-12-26,EICHERMOT
2019-12-26,EIDPARRY
2019-12-26,EIHOTEL
2019-12-26,ELECON
2019-12-26,ELGIEQUIP
2019-12-26,ELGIRUBCO
2019-12-26,ENDURANCE
2019-12-26,ENERGY
2019-12-26,ENGINERSIN
2019-12-26,ERIS
2019-12-26,ESCORTS
2019-12-26,ESSAR
2019-12-26,EXCELINDUS
2019-12-26,EXIDEIND
2019-12-26,FACT
2019-12-26,FDC
2019-12-26,FEDERALBNK
2019-12-26,FINCABLES
2019-12-26,FLFL
2019-12-26,FMGOETZE
2019-12-26,FORTIS
2019-12-26,FOSECOIND
2019-12-26,FULFORD
2019-12-26,GAEL
2019-12-26,GAIL
2019-12-26,GALAXYSURF
2019-12-26,GANESHBE
2019-12-26,GARDEN
2019-12-26,GARWARE
2019-12-26,GAYAPROJ
2019-12-26,GESHIP
2019-12-26,GHCL
2019-12-26,GICRE
2019-12-26,GILLETTE
2019-12-26,GLAXO
2019-12-26,GLENMARK
2019-12-26,GLFL
2019-12-26,GMDCLTD
2019-12-26,GNFC
2019-12-26,GODFRYPHLP
2019-12-26,GODREJAGRO
2019-12-26,GODREJCP
2019-12-26,GODREJIND
2019-12-26,GOKEX
2019-12-26,GOODRICKE
2019-12-26,GOODYEAR
2019-12-26,GPPL
2019-12-26,GRANULES
2019-12-26,GRAPHITE
2019-12-26,GRASIM
2019-12-26,GREAVESCOT
2019-12-26,GRINDWELL
2019-12-26,GSFC
2019-12-26,GSPL
2019-12-26,GUJALKALI
2019-12-26,GUJGASLTD
2019-12-26,GVT&D
2019-12-26,HAL
2019-12-26,HARRMALAYA
2019-12-26,HATSUN
2019-12-26,HAVELLS
2019-12-26,HCLTECH
2019-12-26,HDFC
2019-12-26,HDFCAMC
2019-12-26,HDFCBANK
2019-12-26,HDFCLIFE
2019-12-26,HEALTHCARE
2019-12-26,HEG
2019-12-26,HEIDELBERG
2019-12-26,HERBERTS
2019-12-26,HERITGFOOD
2019-12-26,HEROMOTOCO
2019-12-26,HEXT
2019-12-26,HIMACHAL
2019-12-26,HIMATSEIDE
2019-12-26,HINDALCO
2019-12-26,HINDCOPPER
2019-12-26,HINDPETRO
2019-12-26,HINDSYNTEX
2019-12-26,HINDUNILVR
2019-12-26,HINDUSTAN
2019-12-26,HINDZINC
2019-12-26,HOGANAS
2019-12-26,HONAUT
2019-12-26,HSCL
2019-12-26,HUBTOWN
2019-12-26,IBREALEST
2019-12-26,IBULLSLTD
2019-12-26,IBVENTURES
2019-12-26,ICICI
2019-12-26,ICICIBANK
2019-12-26,ICICIGI
2019-12-26,ICICIPRULI
2019-12-26,ICRA
2019-12-26,IDBI
2019-12-26,IDFCFIRSTB
2019-12-26,IFBIND
2019-12-26,IFCI
2019-12-26,IGL
2019-12-26,IIFL
2019-12-26,INDHOTEL
2019-12-26,INDIACEM
2019-12-26,INDIAGLYCO
2019-12-26,INDIANB
2019-12-26,INDIGO
2019-12-26,INDUSINDBK
2019-12-26,INDUSTOWER
2019-12-26,INFIBEAM
2019-12-26,INFY
2019-12-26,INSILCO
2019-12-26,INTELLECT
2019-12-26,IOB
2019-12-26,IOC
2019-12-26,IONEXCHANG
2019-12-26,IPCALAB
2019-12-26,IPRINGS
2019-12-26,IRCON
2019-12-26,ISMT
2019-12-26,ITC
2019-12-26,ITDC
2019-12-26,ITDCEMEN
2019-12-26,ITI
2019-12-26,ITIETF
2019-12-26,ITWSIGNO
2019-12-26,JAGRAN
2019-12-26,JAICORPLTD
2019-12-26,JBCHEPHARM
2019-12-26,JBMA
2019-12-26,JGCHEM
2019-12-26,JINDALPHOT
2019-12-26,JINDALSAW
2019-12-26,JINDALSTEL
2019-12-26,JISLJALEQS
2019-12-26,JKCEMENT
2019-12-26,JKPAPER
2019-12-26,JKTYRE
2019-12-26,JSL
2019-12-26,JUBLFOOD
2019-12-26,JUBLINGRY
2019-12-26,KAJARIACER
2019-12-26,KANSAINER
2019-12-26,KARURVYSYA
2019-12-26,KARUTURI
2019-12-26,KEI
2019-12-26,KINETIC
2019-12-26,KMSUGAR
2019-12-26,KNRCON
2019-12-26,KOHINOOR
2019-12-26,KOTAKBANK
2019-12-26,KPEL
2019-12-26,KPITTECH
2019-12-26,KRBL
2019-12-26,KRISHNA
2019-12-26,KTKBANK
2019-12-26,KUMARS
2019-12-26,LALPATHLAB
2019-12-26,LAURUSLABS
2019-12-26,LEMONTREE
2019-12-26,LICHSGFIN
2019-12-26,LINDEINDIA
2019-12-26,LT
2019-12-26,LTTS
2019-12-26,LUPIN
2019-12-26,LUXIND
2019-12-26,M
2019-12-26,M&
2019-12-26,M&M
2019-12-26,MADURA
2019-12-26,MAFATIND
2019-12-26,MAHABANK
2019-12-26,MAHSCOOTER
2019-12-26,MAHSEAMLES
2019-12-26,MALWA
2019-12-26,MARICO
2019-12-26,MARUTI
2019-12-26,MASFIN
2019-12-26,MASTEK
2019-12-26,MATRIX
2019-12-26,MAXIND
2019-12-26,MCX
2019-12-26,MERCK
2019-12-26,MERIND
2019-12-26,METROPOLIS
2019-12-26,MFSL
2019-12-26,MGL
2019-12-26,MIDHANI
2019-12-26,MODIXEROX
2019-12-26,MOREPENLAB
2019-12-26,MOTHERSON
2019-12-26,MOTHERSUMI
2019-12-26,MPHASIS
2019-12-26,MRF
2019-12-26,MRPL
2019-12-26,NAGARFERT
2019-12-26,NAHAR
2019-12-26,NAHARPOLY
2019-12-26,NAHARSPING
2019-12-26,NAM-INDIA
2019-12-26,NATCOPHARM
2019-12-26,NATIONAL
2019-12-26,NATIONALUM
2019-12-26,NAVA
2019-12-26,NAVINFLUOR
2019-12-26,NCC
2019-12-26,NESCO
2019-12-26,NESTLEIND
2019-12-26,NETWORK18
2019-12-26,NFL
2019-12-26,NH
2019-12-26,NIACL
2019-12-26,NILKAMAL
2019-12-26,NIRMA
2019-12-26,NITCO
2019-12-26,NLCINDIA
2019-12-26,NMDC
2019-12-26,NTPC
2019-12-26,OBC
2019-12-26,OFSS
2019-12-26,OIL
2019-12-26,OILCOUNTUB
2019-12-26,OLECTRA
2019-12-26,OMAXAUTO
2019-12-26,OMAXE
2019-12-26,ONELIFECAP
2019-12-26,ONGC
2019-12-26,ONIDA
2019-12-26,ORIENTCEM
2019-12-26,ORIENTELEC
2019-12-26,ORIENTREF
2019-12-26,PARAGMILK
2019-12-26,PATANJALI
2019-12-26,PATNI
2019-12-26,PATSPIN
2019-12-26,PCBL
2019-12-26,PCJEWELLER
2019-12-26,PDMJEPAPER
2019-12-26,PEL
2019-12-26,PENTAFOUR
2019-12-26,PENTAMEDIA
2019-12-26,PERSISTENT
2019-12-26,PETRONET
2019-12-26,PFIZER
2019-12-26,PGHL
2019-12-26,PHIL
2019-12-26,PHILIPS
2019-12-26,PHOENIX
2019-12-26,PIDILITIND
2019-12-26,PNB
2019-12-26,POLYCAB
2019-12-26,POONAWALLA
2019-12-26,PRAJIND
2019-12-26,PREMIERENE
2019-12-26,PRESTIGE
2019-12-26,PSIDATA
2019-12-26,PUNJABCHEM
2019-12-26,PUNJTRACT
2019-12-26,QUESS
2019-12-26,RAASI
2019-12-26,RAIN
2019-12-26,RAJESHEXPO
2019-12-26,RALLIS
2019-12-26,RAMCOCEM
2019-12-26,RATNAMANI
2019-12-26,RAYMOND
2019-12-26,RBLBANK
2019-12-26,RCF
2019-12-26,RECKITT
2019-12-26,RECLTD
2019-12-26,REIAGRO
2019-12-26,RELAXO
2019-12-26,RELCAPITAL
2019-12-26,RELIANCE
2019-12-26,RELINFRA
2019-12-26,RELMEDIA
2019-12-26,RESPONIND
2019-12-26,RITES
2019-12-26,RPGTRANS
2019-12-26,RPOWER
2019-12-26,RSWM
2019-12-26,RVNL
2019-12-26,SAIL
2019-12-26,SANGHI
2019-12-26,SANOFI
2019-12-26,SAREGAMA
2019-12-26,SBILIFE
2019-12-26,SCHAEFFLER
2019-12-26,SCHENECT
2019-12-26,SCI
2019-12-26,SESASTERL
2019-12-26,SESHAPAPER
2019-12-26,SFL
2019-12-26,SHAWWALLA
2019-12-26,SHILPAMED
2019-12-26,SHK
2019-12-26,SHOPERSTOP
2019-12-26,SHREECEM
2019-12-26,SHRIRAMFIN
2019-12-26,SHYAMTEL
2019-12-26,SIEMENS
2019-12-26,SIS
2019-12-26,SJVN
2019-12-26,SKFINDIA
2019-12-26,SKSMICRO
2019-12-26,SOLARINDS
2019-12-26,SONATSOFTW
2019-12-26,SOUTHBANK
2019-12-26,SPARC
2019-12-26,SRF
2019-12-26,STAR
2019-12-26,STARCEMENT
2019-12-26,STYROLUT
2019-12-26,SUNCLAY
2019-12-26,SUNDARMFIN
2019-12-26,SUNDRMFAST
2019-12-26,SUNPHARMA
2019-12-26,SUPRAJIT
2019-12-26,SUPREMEIND
2019-12-26,SUVEN
2019-12-26,SYMPHONY
2019-12-26,SYNGENE
2019-12-26,TAKE
2019-12-26,TATACHEM
2019-12-26,TATACONSUM
2019-12-26,TATAELXSI
2019-12-26,TATAINVEST
2019-12-26,TATAMETAL
2019-12-26,TATAMOTORS
2019-12-26,TATAPOWER
2019-12-26,TATASTEEL
2019-12-26,TCIEXP
2019-12-26,TCNSCLOTH
2019-12-26,TCS
2019-12-26,TEAMLEASE
2019-12-26,TECHNOE
2019-12-26,THERMAX
2019-12-26,THIRU
2019-12-26,THYROCARE
2019-12-26,TIINDIA
2019-12-26,TIMETECHNO
2019-12-26,TIMEX
2019-12-26,TIMKEN
2019-12-26,TITAN
2019-12-26,TMCV
2019-12-26,TORNTPHARM
2019-12-26,TORNTPOWER
2019-12-26,TRANSPEK
2019-12-26,TRENT
2019-12-26,TRIDENT
2019-12-26,TTKPRESTIG
2019-12-26,TVTODAY
2019-12-26,UBL
2019-12-26,UCALFUEL
2019-12-26,UFLEX
2019-12-26,UJJIVAN
2019-12-26,ULTRACEMCO
2019-12-26,UNIONBANK
2019-12-26,UNOMINDA
2019-12-26,URBANCO
2019-12-26,VARROC
2019-12-26,VARUN
2019-12-26,VBL
2019-12-26,VENKEYS
2019-12-26,VISHAL
2019-12-26,VMART
2019-12-26,VOLTAS
2019-12-26,VTL
2019-12-26,WELENT
2019-12-26,WIDIA
2019-12-26,WIMCO
2019-12-26,WINDMACH
2019-12-26,WIPRO
2019-12-26,WOCKPHARMA
2019-12-26,WSI
2019-12-26,WSTCSTPAPR
2019-12-26,ZENSARTECH
2019-12-26,ZYDUSWELL
2019-12-27,3MINDIA
2019-12-27,AARTIIND
2019-12-27,AAVAS
2019-12-27,ABBOTINDIA
2019-12-27,ABCAPITAL
2019-12-27,ABREL
2019-12-27,ACC
2019-12-27,ADANIENSOL
2019-12-27,ADANIPOWER
2019-12-27,ADVENZYMES
2019-12-27,AEGISLOG
2019-12-27,AFFLE
2019-12-27,AGCNETWO
2019-12-27,AIAENG
2019-12-27,AKZOINDIA
2019-12-27,ALKEM
2019-12-27,ALLCARGO
2019-12-27,ALTOS
2019-12-27,AMBALAL
2019-12-27,AMBER
2019-12-27,AMBUJACEM
2019-12-27,APLAPOLLO
2019-12-27,APOLLOHOSP
2019-12-27,APOLLOTYRE
2019-12-27,APPAPER
2019-12-27,APPLE
2019-12-27,ARVIND
2019-12-27,ASAHIINDIA
2019-12-27,ASHOKLEY
2019-12-27,ASIANPAINT
2019-12-27,ASTERDM
2019-12-27,ASTRAZENCA
2019-12-27,ATGL
2019-12-27,ATUL
2019-12-27,ATULAUTO
2019-12-27,AUBANK
2019-12-27,AVANTIFEED
2019-12-27,AVERY
2019-12-27,AXISBANK
2019-12-27,BAJAJ
2019-12-27,BAJAJ-AUTO
2019-12-27,BAJAJHLDNG
2019-12-27,BAJFINANCE
2019-12-27,BALMLAWRIE
2019-12-27,BALRAMCHIN
2019-12-27,BANKBARODA
2019-12-27,BASF
2019-12-27,BATAINDIA
2019-12-27,BAYERCROP
2019-12-27,BBTC
2019-12-27,BDL
2019-12-27,BEL
2019-12-27,BEML
2019-12-27,BERGEPAINT
2019-12-27,BHARATFORG
2019-12-27,BHARTIARTL
2019-12-27,BHEL
2019-12-27,BI
2019-12-27,BIOCON
2019-12-27,BIRLACORPN
2019-12-27,BLISSGVS
2019-12-27,BLUEDART
2019-12-27,BLUESTARCO
2019-12-27,BOMDYEING
2019-12-27,BOSCH-HCIL
2019-12-27,BOSCHLTD
2019-12-27,BPCL
2019-12-27,BRIGADE
2019-12-27,BRITANNIA
2019-12-27,BSE
2019-12-27,BSOFT
2019-12-27,CABLE
2019-12-27,CANBK
2019-12-27,CANFINHOME
2019-12-27,CAPLIN
2019-12-27,CASTROLIND
2019-12-27,CCL
2019-12-27,CDSL
2019-12-27,CEATLTD
2019-12-27,CENTRALBK
2019-12-27,CERA
2019-12-27,CESC
2019-12-27,CGCL
2019-12-27,CHALET
2019-12-27,CHAMBLFERT
2019-12-27,CHEMINOR
2019-12-27,CHENNPETRO
2019-12-27,CHETTINAD
2019-12-27,CHOLAFIN
2019-12-27,CHOLAHLDNG
2019-12-27,CIPLA
2019-12-27,CMC
2019-12-27,COALINDIA
2019-12-27,COCHINSHIP
2019-12-27,COFORGE
2019-12-27,COLPAL
2019-12-27,CONCOR
2019-12-27,CONSOFINVT
2019-12-27,COROMANDEL
2019-12-27,CREDITACC
2019-12-27,CRISIL
2019-12-27,CROMPTON
2019-12-27,CUB
2019-12-27,CUMMINSIND
2019-12-27,CYBERTECH
2019-12-27,DABUR
2019-12-27,DALMIASUG
2019-12-27,DBCORP
2019-12-27,DBL
2019-12-27,DCAL
2019-12-27,DCLPOLYE
2019-12-27,DCW
2019-12-27,DEEPAKFERT
2019-12-27,DEEPAKNTR
2019-12-27,DHAMPURSUG
2019-12-27,DHFL
2019-12-27,DICIND
2019-12-27,DIGJAMLMTD
2019-12-27,DISHTV
2019-12-27,DLF
2019-12-27,DMART
2019-12-27,DRREDDY
2019-12-27,DSQSOFTW
2019-12-27,ECLERX
2019-12-27,EICHERMOT
2019-12-27,EIDPARRY
2019-12-27,EIHOTEL
2019-12-27,ELECON
2019-12-27,ELGIEQUIP
2019-12-27,ELGIRUBCO
2019-12-27,ENDURANCE
2019-12-27,ENERGY
2019-12-27,ENGINERSIN
2019-12-27,ERIS
2019-12-27,ESCORTS
2019-12-27,ESSAR
2019-12-27,EXCELINDUS
2019-12-27,EXIDEIND
2019-12-27,FACT
2019-12-27,FDC
2019-12-27,FEDERALBNK
2019-12-27,FINCABLES
2019-12-27,FLFL
2019-12-27,FMGOETZE
2019-12-27,FORTIS
2019-12-27,FOSECOIND
2019-12-27,FULFORD
2019-12-27,GAEL
2019-12-27,GAIL
2019-12-27,GALAXYSURF
2019-12-27,GANESHBE
2019-12-27,GARDEN
2019-12-27,GARWARE
2019-12-27,GAYAPROJ
2019-12-27,GESHIP
2019-12-27,GHCL
2019-12-27,GICRE
2019-12-27,GILLETTE
2019-12-27,GLAXO
2019-12-27,GLENMARK
2019-12-27,GLFL
2019-12-27,GMDCLTD
2019-12-27,GNFC
2019-12-27,GODFRYPHLP
2019-12-27,GODREJAGRO
2019-12-27,GODREJCP
2019-12-27,GODREJIND
2019-12-27,GOKEX
2019-12-27,GOODRICKE
2019-12-27,GOODYEAR
2019-12-27,GPPL
2019-12-27,GRANULES
2019-12-27,GRAPHITE
2019-12-27,GRASIM
2019-12-27,GREAVESCOT
2019-12-27,GRINDWELL
2019-12-27,GSFC
2019-12-27,GSPL
2019-12-27,GUJALKALI
2019-12-27,GUJGASLTD
2019-12-27,GVT&D
2019-12-27,HAL
2019-12-27,HARRMALAYA
2019-12-27,HATSUN
2019-12-27,HAVELLS
2019-12-27,HCLTECH
2019-12-27,HDFC
2019-12-27,HDFCAMC
2019-12-27,HDFCBANK
2019-12-27,HDFCLIFE
2019-12-27,HEALTHCARE
2019-12-27,HEG
2019-12-27,HEIDELBERG
2019-12-27,HERBERTS
2019-12-27,HERITGFOOD
2019-12-27,HEROMOTOCO
2019-12-27,HEXT
2019-12-27,HIMACHAL
2019-12-27,HIMATSEIDE
2019-12-27,HINDALCO
2019-12-27,HINDCOPPER
2019-12-27,HINDPETRO
2019-12-27,HINDSYNTEX
2019-12-27,HINDUNILVR
2019-12-27,HINDUSTAN
2019-12-27,HINDZINC
2019-12-27,HOGANAS
2019-12-27,HONAUT
2019-12-27,HSCL
2019-12-27,HUBTOWN
2019-12-27,IBREALEST
2019-12-27,IBULLSLTD
2019-12-27,IBVENTURES
2019-12-27,ICICI
2019-12-27,ICICIBANK
2019-12-27,ICICIGI
2019-12-27,ICICIPRULI
2019-12-27,ICRA
2019-12-27,IDBI
2019-12-27,IDFCFIRSTB
2019-12-27,IFBIND
2019-12-27,IFCI
2019-12-27,IGL
2019-12-27,IIFL
2019-12-27,INDHOTEL
2019-12-27,INDIACEM
2019-12-27,INDIAGLYCO
2019-12-27,INDIAMART
2019-12-27,INDIANB
2019-12-27,INDIGO
2019-12-27,INDUSINDBK
2019-12-27,INDUSTOWER
2019-12-27,INFIBEAM
2019-12-27,INFY
2019-12-27,INSILCO
2019-12-27,INTELLECT
2019-12-27,IOB
2019-12-27,IOC
2019-12-27,IONEXCHANG
2019-12-27,IPCALAB
2019-12-27,IPRINGS
2019-12-27,IRCON
2019-12-27,ISMT
2019-12-27,ITC
2019-12-27,ITDC
2019-12-27,ITDCEMEN
2019-12-27,ITI
2019-12-27,ITIETF
2019-12-27,ITWSIGNO
2019-12-27,JAGRAN
2019-12-27,JAICORPLTD
2019-12-27,JBCHEPHARM
2019-12-27,JBMA
2019-12-27,JGCHEM
2019-12-27,JINDALPHOT
2019-12-27,JINDALSAW
2019-12-27,JINDALSTEL
2019-12-27,JISLJALEQS
2019-12-27,JKCEMENT
2019-12-27,JKPAPER
2019-12-27,JKTYRE
2019-12-27,JSL
2019-12-27,JUBLFOOD
2019-12-27,JUBLINGRY
2019-12-27,KAJARIACER
2019-12-27,KANSAINER
2019-12-27,KARURVYSYA
2019-12-27,KARUTURI
2019-12-27,KEI
2019-12-27,KINETIC
2019-12-27,KMSUGAR
2019-12-27,KNRCON
2019-12-27,KOHINOOR
2019-12-27,KOTAKBANK
2019-12-27,KPEL
2019-12-27,KPITTECH
2019-12-27,KRBL
2019-12-27,KRISHNA
2019-12-27,KTKBANK
2019-12-27,KUMARS
2019-12-27,LALPATHLAB
2019-12-27,LAURUSLABS
2019-12-27,LEMONTREE
2019-12-27,LICHSGFIN
2019-12-27,LINDEINDIA
2019-12-27,LT
2019-12-27,LTTS
2019-12-27,LUPIN
2019-12-27,LUXIND
2019-12-27,M
2019-12-27,M&
2019-12-27,M&M
2019-12-27,MADURA
2019-12-27,MAFATIND
2019-12-27,MAHABANK
2019-12-27,MAHSCOOTER
2019-12-27,MAHSEAMLES
2019-12-27,MALWA
2019-12-27,MARICO
2019-12-27,MARUTI
2019-12-27,MASFIN
2019-12-27,MASTEK
2019-12-27,MATRIX
2019-12-27,MCX
2019-12-27,MERCK
2019-12-27,MERIND
2019-12-27,METROPOLIS
2019-12-27,MFSL
2019-12-27,MGL
2019-12-27,MIDHANI
2019-12-27,MODIXEROX
2019-12-27,MOREPENLAB
2019-12-27,MOTHERSON
2019-12-27,MOTHERSUMI
2019-12-27,MPHASIS
2019-12-27,MRF
2019-12-27,MRPL
2019-12-27,NAGARFERT
2019-12-27,NAHAR
2019-12-27,NAHARPOLY
2019-12-27,NAHARSPING
2019-12-27,NAM-INDIA
2019-12-27,NATCOPHARM
2019-12-27,NATIONAL
2019-12-27,NATIONALUM
2019-12-27,NAVA
2019-12-27,NAVINFLUOR
2019-12-27,NCC
2019-12-27,NESCO
2019-12-27,NESTLEIND
2019-12-27,NETWORK18
2019-12-27,NFL
2019-12-27,NH
2019-12-27,NIACL
2019-12-27,NILKAMAL
2019-12-27,NIRMA
2019-12-27,NITCO
2019-12-27,NLCINDIA
2019-12-27,NMDC
2019-12-27,NTPC
2019-12-27,OFSS
2019-12-27,OIL
2019-12-27,OILCOUNTUB
2019-12-27,OLECTRA
2019-12-27,OMAXAUTO
2019-12-27,OMAXE
2019-12-27,ONELIFECAP
2019-12-27,ONGC
2019-12-27,ONIDA
2019-12-27,ORIENTCEM
2019-12-27,ORIENTELEC
2019-12-27,PARAGMILK
2019-12-27,PATANJALI
2019-12-27,PATNI
2019-12-27,PATSPIN
2019-12-27,PCBL
2019-12-27,PCJEWELLER
2019-12-27,PDMJEPAPER
2019-12-27,PEL
2019-12-27,PENTAFOUR
2019-12-27,PENTAMEDIA
2019-12-27,PERSISTENT
2019-12-27,PETRONET
2019-12-27,PFIZER
2019-12-27,PGHL
2019-12-27,PHIL
2019-12-27,PHILIPS
2019-12-27,PHOENIX
2019-12-27,PIDILITIND
2019-12-27,PNB
2019-12-27,POLYCAB
2019-12-27,POONAWALLA
2019-12-27,PRAJIND
2019-12-27,PREMIERENE
2019-12-27,PRESTIGE
2019-12-27,PSIDATA
2019-12-27,PUNJABCHEM
2019-12-27,PUNJTRACT
2019-12-27,QUESS
2019-12-27,RAASI
2019-12-27,RAIN
2019-12-27,RAJESHEXPO
2019-12-27,RALLIS
2019-12-27,RAMCOCEM
2019-12-27,RATNAMANI
2019-12-27,RAYMOND
2019-12-27,RBLBANK
2019-12-27,RCF
2019-12-27,RECKITT
2019-12-27,RECLTD
2019-12-27,REIAGRO
2019-12-27,RELAXO
2019-12-27,RELCAPITAL
2019-12-27,RELIANCE
2019-12-27,RELINFRA
2019-12-27,RELMEDIA
2019-12-27,RESPONIND
2019-12-27,RITES
2019-12-27,RPGTRANS
2019-12-27,RPOWER
2019-12-27,RSWM
2019-12-27,RVNL
2019-12-27,SAIL
2019-12-27,SANGHI
2019-12-27,SANOFI
2019-12-27,SAREGAMA
2019-12-27,SBILIFE
2019-12-27,SCHAEFFLER
2019-12-27,SCHENECT
2019-12-27,SCI
2019-12-27,SESASTERL
2019-12-27,SESHAPAPER
2019-12-27,SFL
2019-12-27,SHAWWALLA
2019-12-27,SHILPAMED
2019-12-27,SHK
2019-12-27,SHOPERSTOP
2019-12-27,SHREECEM
2019-12-27,SHRIRAMFIN
2019-12-27,SHYAMTEL
2019-12-27,SIEMENS
2019-12-27,SIS
2019-12-27,SJVN
2019-12-27,SKFINDIA
2019-12-27,SKSMICRO
2019-12-27,SOLARINDS
2019-12-27,SONATSOFTW
2019-12-27,SOUTHBANK
2019-12-27,SPARC
2019-12-27,SPICEJET
2019-12-27,SRF
2019-12-27,STAR
2019-12-27,STARCEMENT
2019-12-27,STYROLUT
2019-12-27,SUNCLAY
2019-12-27,SUNDARMFIN
2019-12-27,SUNDRMFAST
2019-12-27,SUNPHARMA
2019-12-27,SUPRAJIT
2019-12-27,SUPREMEIND
2019-12-27,SUVEN
2019-12-27,SYMPHONY
2019-12-27,SYNGENE
2019-12-27,TAKE
2019-12-27,TASTYBITE
2019-12-27,TATACONSUM
2019-12-27,TATAELXSI
2019-12-27,TATAINVEST
2019-12-27,TATAMETAL
2019-12-27,TATAMOTORS
2019-12-27,TATAPOWER
2019-12-27,TATASTEEL
2019-12-27,TCIEXP
2019-12-27,TCNSCLOTH
2019-12-27,TCS
2019-12-27,TEAMLEASE
2019-12-27,TECHNOE
2019-12-27,THERMAX
2019-12-27,THIRU
2019-12-27,THYROCARE
2019-12-27,TIINDIA
2019-12-27,TIMETECHNO
2019-12-27,TIMEX
2019-12-27,TIMKEN
2019-12-27,TITAN
2019-12-27,TMCV
2019-12-27,TORNTPHARM
2019-12-27,TORNTPOWER
2019-12-27,TRANSPEK
2019-12-27,TRENT
2019-12-27,TRIDENT
2019-12-27,TRITURBINE
2019-12-27,TTKPRESTIG
2019-12-27,TVTODAY
2019-12-27,UBL
2019-12-27,UCALFUEL
2019-12-27,UFLEX
2019-12-27,UJJIVAN
2019-12-27,ULTRACEMCO
2019-12-27,UNIONBANK
2019-12-27,UNOMINDA
2019-12-27,URBANCO
2019-12-27,VARROC
2019-12-27,VARUN
2019-12-27,VBL
2019-12-27,VENKEYS
2019-12-27,VISHAL
2019-12-27,VMART
2019-12-27,VOLTAS
2019-12-27,VTL
2019-12-27,WELENT
2019-12-27,WESTLIFE
2019-12-27,WIDIA
2019-12-27,WIMCO
2019-12-27,WINDMACH
2019-12-27,WIPRO
2019-12-27,WOCKPHARMA
2019-12-27,WSI
2019-12-27,WSTCSTPAPR
2019-12-27,ZENSARTECH
2019-12-27,ZYDUSWELL
2020-01-16,3MINDIA
2020-01-16,AARTIIND
2020-01-16,AAVAS
2020-01-16,ABB
2020-01-16,ABBOTINDIA
2020-01-16,ABCAPITAL
2020-01-16,ABREL
2020-01-16,ACC
2020-01-16,ADANIENSOL
2020-01-16,ADANIPOWER
2020-01-16,ADVENZYMES
2020-01-16,AEGISLOG
2020-01-16,AFFLE
2020-01-16,AGCNETWO
2020-01-16,AIAENG
2020-01-16,AKZOINDIA
2020-01-16,ALKEM
2020-01-16,ALLCARGO
2020-01-16,ALTOS
2020-01-16,AMBALAL
2020-01-16,AMBER
2020-01-16,AMBUJACEM
2020-01-16,APLAPOLLO
2020-01-16,APOLLOHOSP
2020-01-16,APOLLOTYRE
2020-01-16,APPAPER
2020-01-16,APPLE
2020-01-16,ARVIND
2020-01-16,ASAHIINDIA
2020-01-16,ASHOKLEY
2020-01-16,ASIANPAINT
2020-01-16,ASTERDM
2020-01-16,ASTRAZENCA
2020-01-16,ATGL
2020-01-16,ATUL
2020-01-16,ATULAUTO
2020-01-16,AUBANK
2020-01-16,AVANTIFEED
2020-01-16,AVERY
2020-01-16,AXISBANK
2020-01-16,BAJAJ
2020-01-16,BAJAJ-AUTO
2020-01-16,BAJAJHLDNG
2020-01-16,BAJFINANCE
2020-01-16,BALMLAWRIE
2020-01-16,BALRAMCHIN
2020-01-16,BANKBARODA
2020-01-16,BASF
2020-01-16,BATAINDIA
2020-01-16,BAYERCROP
2020-01-16,BBTC
2020-01-16,BDL
2020-01-16,BEL
2020-01-16,BEML
2020-01-16,BERGEPAINT
2020-01-16,BHARATFORG
2020-01-16,BHARTIARTL
2020-01-16,BHEL
2020-01-16,BI
2020-01-16,BIOCON
2020-01-16,BIRLACORPN
2020-01-16,BLISSGVS
2020-01-16,BLUEDART
2020-01-16,BLUESTARCO
2020-01-16,BOMDYEING
2020-01-16,BOSCH-HCIL
2020-01-16,BOSCHLTD
2020-01-16,BPCL
2020-01-16,BRIGADE
2020-01-16,BRITANNIA
2020-01-16,BSE
2020-01-16,BSOFT
2020-01-16,CABLE
2020-01-16,CANBK
2020-01-16,CANFINHOME
2020-01-16,CAPLIN
2020-01-16,CASTROLIND
2020-01-16,CCL
2020-01-16,CDSL
2020-01-16,CEATLTD
2020-01-16,CENTRALBK
2020-01-16,CERA
2020-01-16,CESC
2020-01-16,CGCL
2020-01-16,CHALET
2020-01-16,CHAMBLFERT
2020-01-16,CHEMINOR
2020-01-16,CHENNPETRO
2020-01-16,CHETTINAD
2020-01-16,CHOLAFIN
2020-01-16,CHOLAHLDNG
2020-01-16,CIPLA
2020-01-16,CMC
2020-01-16,COALINDIA
2020-01-16,COCHINSHIP
2020-01-16,COFORGE
2020-01-16,COLPAL
2020-01-16,CONCOR
2020-01-16,CONSOFINVT
2020-01-16,COROMANDEL
2020-01-16,CREDITACC
2020-01-16,CRISIL
2020-01-16,CROMPTON
2020-01-16,CUB
2020-01-16,CUMMINSIND
2020-01-16,CYBERTECH
2020-01-16,DABUR
2020-01-16,DALMIASUG
2020-01-16,DBCORP
2020-01-16,DBL
2020-01-16,DCAL
2020-01-16,DCLPOLYE
2020-01-16,DCW
2020-01-16,DEEPAKFERT
2020-01-16,DEEPAKNTR
2020-01-16,DHAMPURSUG
2020-01-16,DHFL
2020-01-16,DICIND
2020-01-16,DIGJAMLMTD
2020-01-16,DISHTV
2020-01-16,DLF
2020-01-16,DMART
2020-01-16,DRREDDY
2020-01-16,DSQSOFTW
2020-01-16,ECLERX
2020-01-16,EICHERMOT
2020-01-16,EIDPARRY
2020-01-16,EIHOTEL
2020-01-16,ELECON
2020-01-16,ELGIEQUIP
2020-01-16,ELGIRUBCO
2020-01-16,ENDURANCE
2020-01-16,ENERGY
2020-01-16,ENGINERSIN
2020-01-16,ERIS
2020-01-16,ESCORTS
2020-01-16,ESSAR
2020-01-16,EXCELINDUS
2020-01-16,EXIDEIND
2020-01-16,FACT
2020-01-16,FDC
2020-01-16,FEDERALBNK
2020-01-16,FINCABLES
2020-01-16,FLFL
2020-01-16,FMGOETZE
2020-01-16,FORTIS
2020-01-16,FOSECOIND
2020-01-16,FULFORD
2020-01-16,GAEL
2020-01-16,GAIL
2020-01-16,GALAXYSURF
2020-01-16,GANESHBE
2020-01-16,GARDEN
2020-01-16,GARWARE
2020-01-16,GAYAPROJ
2020-01-16,GESHIP
2020-01-16,GHCL
2020-01-16,GICRE
2020-01-16,GILLETTE
2020-01-16,GLAXO
2020-01-16,GLENMARK
2020-01-16,GLFL
2020-01-16,GMDCLTD
2020-01-16,GNFC
2020-01-16,GODFRYPHLP
2020-01-16,GODREJAGRO
2020-01-16,GODREJCP
2020-01-16,GODREJIND
2020-01-16,GOKEX
2020-01-16,GOODRICKE
2020-01-16,GOODYEAR
2020-01-16,GPPL
2020-01-16,GRANULES
2020-01-16,GRAPHITE
2020-01-16,GRASIM
2020-01-16,GREAVESCOT
2020-01-16,GRINDWELL
2020-01-16,GSFC
2020-01-16,GSPL
2020-01-16,GUJALKALI
2020-01-16,GUJGASLTD
2020-01-16,GVT&D
2020-01-16,HAL
2020-01-16,HARRMALAYA
2020-01-16,HATSUN
2020-01-16,HAVELLS
2020-01-16,HCLTECH
2020-01-16,HDFC
2020-01-16,HDFCAMC
2020-01-16,HDFCBANK
2020-01-16,HDFCLIFE
2020-01-16,HEALTHCARE
2020-01-16,HEG
2020-01-16,HEIDELBERG
2020-01-16,HERBERTS
2020-01-16,HERITGFOOD
2020-01-16,HEROMOTOCO
2020-01-16,HEXT
2020-01-16,HIMACHAL
2020-01-16,HIMATSEIDE
2020-01-16,HINDALCO
2020-01-16,HINDCOPPER
2020-01-16,HINDPETRO
2020-01-16,HINDSYNTEX
2020-01-16,HINDUNILVR
2020-01-16,HINDUSTAN
2020-01-16,HINDZINC
2020-01-16,HOGANAS
2020-01-16,HONAUT
2020-01-16,HSCL
2020-01-16,HUBTOWN
2020-01-16,IBREALEST
2020-01-16,IBULLSLTD
2020-01-16,IBVENTURES
2020-01-16,ICICI
2020-01-16,ICICIBANK
2020-01-16,ICICIGI
2020-01-16,ICICIPRULI
2020-01-16,ICRA
2020-01-16,IDBI
2020-01-16,IDFCFIRSTB
2020-01-16,IFBIND
2020-01-16,IFCI
2020-01-16,IGL
2020-01-16,IIFL
2020-01-16,INDHOTEL
2020-01-16,INDIACEM
2020-01-16,INDIAGLYCO
2020-01-16,INDIAMART
2020-01-16,INDIANB
2020-01-16,INDIGO
2020-01-16,INDUSINDBK
2020-01-16,INDUSTOWER
2020-01-16,INFIBEAM
2020-01-16,INFY
2020-01-16,INSILCO
2020-01-16,INTELLECT
2020-01-16,IOB
2020-01-16,IOC
2020-01-16,IONEXCHANG
2020-01-16,IPCALAB
2020-01-16,IPRINGS
2020-01-16,IRCON
2020-01-16,ISMT
2020-01-16,ITC
2020-01-16,ITDC
2020-01-16,ITDCEMEN
2020-01-16,ITI
2020-01-16,ITIETF
2020-01-16,ITWSIGNO
2020-01-16,JAGRAN
2020-01-16,JAICORPLTD
2020-01-16,JBCHEPHARM
2020-01-16,JBMA
2020-01-16,JGCHEM
2020-01-16,JINDALPHOT
2020-01-16,JINDALSAW
2020-01-16,JINDALSTEL
2020-01-16,JISLJALEQS
2020-01-16,JKCEMENT
2020-01-16,JKPAPER
2020-01-16,JKTYRE
2020-01-16,JSL
2020-01-16,JUBLFOOD
2020-01-16,JUBLINGRY
2020-01-16,KAJARIACER
2020-01-16,KANSAINER
2020-01-16,KARURVYSYA
2020-01-16,KARUTURI
2020-01-16,KEI
2020-01-16,KINETIC
2020-01-16,KMSUGAR
2020-01-16,KNRCON
2020-01-16,KOHINOOR
2020-01-16,KOTAKBANK
2020-01-16,KPEL
2020-01-16,KPITTECH
2020-01-16,KRBL
2020-01-16,KRISHNA
2020-01-16,KTKBANK
2020-01-16,KUMARS
2020-01-16,LALPATHLAB
2020-01-16,LAURUSLABS
2020-01-16,LEMONTREE
2020-01-16,LICHSGFIN
2020-01-16,LINDEINDIA
2020-01-16,LT
2020-01-16,LTTS
2020-01-16,LUPIN
2020-01-16,LUXIND
2020-01-16,M
2020-01-16,M&
2020-01-16,M&M
2020-01-16,MADURA
2020-01-16,MAFATIND
2020-01-16,MAHABANK
2020-01-16,MAHSCOOTER
2020-01-16,MAHSEAMLES
2020-01-16,MALWA
2020-01-16,MARICO
2020-01-16,MARUTI
2020-01-16,MASFIN
2020-01-16,MASTEK
2020-01-16,MATRIX
2020-01-16,MCX
2020-01-16,MERCK
2020-01-16,MERIND
2020-01-16,METROPOLIS
2020-01-16,MFSL
2020-01-16,MGL
2020-01-16,MIDHANI
2020-01-16,MODIXEROX
2020-01-16,MOREPENLAB
2020-01-16,MOTHERSON
2020-01-16,MOTHERSUMI
2020-01-16,MPHASIS
2020-01-16,MRF
2020-01-16,MRPL
2020-01-16,NAGARFERT
2020-01-16,NAHAR
2020-01-16,NAHARPOLY
2020-01-16,NAHARSPING
2020-01-16,NAM-INDIA
2020-01-16,NATCOPHARM
2020-01-16,NATIONAL
2020-01-16,NATIONALUM
2020-01-16,NAVA
2020-01-16,NAVINFLUOR
2020-01-16,NCC
2020-01-16,NESCO
2020-01-16,NESTLEIND
2020-01-16,NETWORK18
2020-01-16,NFL
2020-01-16,NH
2020-01-16,NIACL
2020-01-16,NILKAMAL
2020-01-16,NIRMA
2020-01-16,NITCO
2020-01-16,NLCINDIA
2020-01-16,NMDC
2020-01-16,NTPC
2020-01-16,OFSS
2020-01-16,OIL
2020-01-16,OILCOUNTUB
2020-01-16,OLECTRA
2020-01-16,OMAXAUTO
2020-01-16,OMAXE
2020-01-16,ONELIFECAP
2020-01-16,ONGC
2020-01-16,ONIDA
2020-01-16,ORIENTCEM
2020-01-16,ORIENTELEC
2020-01-16,PARAGMILK
2020-01-16,PATANJALI
2020-01-16,PATNI
2020-01-16,PATSPIN
2020-01-16,PCBL
2020-01-16,PCJEWELLER
2020-01-16,PDMJEPAPER
2020-01-16,PEL
2020-01-16,PENTAFOUR
2020-01-16,PENTAMEDIA
2020-01-16,PERSISTENT
2020-01-16,PETRONET
2020-01-16,PFIZER
2020-01-16,PGHL
2020-01-16,PHIL
2020-01-16,PHILIPS
2020-01-16,PHOENIX
2020-01-16,PIDILITIND
2020-01-16,PNB
2020-01-16,POLYCAB
2020-01-16,POONAWALLA
2020-01-16,PRAJIND
2020-01-16,PREMIERENE
2020-01-16,PRESTIGE
2020-01-16,PSIDATA
2020-01-16,PUNJABCHEM
2020-01-16,PUNJTRACT
2020-01-16,QUESS
2020-01-16,RAASI
2020-01-16,RAIN
2020-01-16,RAJESHEXPO
2020-01-16,RALLIS
2020-01-16,RAMCOCEM
2020-01-16,RATNAMANI
2020-01-16,RAYMOND
2020-01-16,RBLBANK
2020-01-16,RCF
2020-01-16,RECKITT
2020-01-16,RECLTD
2020-01-16,REIAGRO
2020-01-16,RELAXO
2020-01-16,RELCAPITAL
2020-01-16,RELIANCE
2020-01-16,RELINFRA
2020-01-16,RELMEDIA
2020-01-16,RESPONIND
2020-01-16,RITES
2020-01-16,RPGTRANS
2020-01-16,RPOWER
2020-01-16,RSWM
2020-01-16,RVNL
2020-01-16,SAIL
2020-01-16,SANGHI
2020-01-16,SANOFI
2020-01-16,SAREGAMA
2020-01-16,SBILIFE
2020-01-16,SCHAEFFLER
2020-01-16,SCHENECT
2020-01-16,SCI
2020-01-16,SESASTERL
2020-01-16,SESHAPAPER
2020-01-16,SFL
2020-01-16,SHAWWALLA
2020-01-16,SHILPAMED
2020-01-16,SHK
2020-01-16,SHOPERSTOP
2020-01-16,SHREECEM
2020-01-16,SHRIRAMFIN
2020-01-16,SHYAMTEL
2020-01-16,SIEMENS
2020-01-16,SIS
2020-01-16,SJVN
2020-01-16,SKFINDIA
2020-01-16,SKSMICRO
2020-01-16,SOLARINDS
2020-01-16,SONATSOFTW
2020-01-16,SOUTHBANK
2020-01-16,SPARC
2020-01-16,SPICEJET
2020-01-16,SRF
2020-01-16,STAR
2020-01-16,STARCEMENT
2020-01-16,STYROLUT
2020-01-16,SUNCLAY
2020-01-16,SUNDARMFIN
2020-01-16,SUNDRMFAST
2020-01-16,SUNPHARMA
2020-01-16,SUPRAJIT
2020-01-16,SUPREMEIND
2020-01-16,SYMPHONY
2020-01-16,SYNGENE
2020-01-16,TAKE
2020-01-16,TASTYBITE
2020-01-16,TATACONSUM
2020-01-16,TATAELXSI
2020-01-16,TATAINVEST
2020-01-16,TATAMETAL
2020-01-16,TATAMOTORS
2020-01-16,TATAPOWER
2020-01-16,TATASTEEL
2020-01-16,TCIEXP
2020-01-16,TCNSCLOTH
2020-01-16,TCS
2020-01-16,TEAMLEASE
2020-01-16,TECHNOE
2020-01-16,THERMAX
2020-01-16,THIRU
2020-01-16,THYROCARE
2020-01-16,TIINDIA
2020-01-16,TIMETECHNO
2020-01-16,TIMEX
2020-01-16,TIMKEN
2020-01-16,TITAN
2020-01-16,TMCV
2020-01-16,TORNTPHARM
2020-01-16,TORNTPOWER
2020-01-16,TRANSPEK
2020-01-16,TRENT
2020-01-16,TRIDENT
2020-01-16,TRITURBINE
2020-01-16,TTKPRESTIG
2020-01-16,TVTODAY
2020-01-16,UBL
2020-01-16,UCALFUEL
2020-01-16,UFLEX
2020-01-16,UJJIVAN
2020-01-16,ULTRACEMCO
2020-01-16,UNIONBANK
2020-01-16,UNOMINDA
2020-01-16,URBANCO
2020-01-16,VARROC
2020-01-16,VARUN
2020-01-16,VBL
2020-01-16,VENKEYS
2020-01-16,VISHAL
2020-01-16,VMART
2020-01-16,VOLTAS
2020-01-16,VTL
2020-01-16,WELENT
2020-01-16,WESTLIFE
2020-01-16,WIDIA
2020-01-16,WIMCO
2020-01-16,WINDMACH
2020-01-16,WIPRO
2020-01-16,WOCKPHARMA
2020-01-16,WSI
2020-01-16,WSTCSTPAPR
2020-01-16,ZENSARTECH
2020-01-16,ZYDUSWELL
2020-03-19,3MINDIA
2020-03-19,AARTIIND
2020-03-19,AAVAS
2020-03-19,ABB
2020-03-19,ABBOTINDIA
2020-03-19,ABCAPITAL
2020-03-19,ABREL
2020-03-19,ACC
2020-03-19,ADANIENSOL
2020-03-19,ADANIPOWER
2020-03-19,ADVENZYMES
2020-03-19,AEGISLOG
2020-03-19,AFFLE
2020-03-19,AGCNETWO
2020-03-19,AIAENG
2020-03-19,AKZOINDIA
2020-03-19,ALKEM
2020-03-19,ALLCARGO
2020-03-19,ALTOS
2020-03-19,AMBALAL
2020-03-19,AMBER
2020-03-19,AMBUJACEM
2020-03-19,APLAPOLLO
2020-03-19,APOLLOHOSP
2020-03-19,APOLLOTYRE
2020-03-19,APPAPER
2020-03-19,APPLE
2020-03-19,ARVIND
2020-03-19,ASAHIINDIA
2020-03-19,ASHOKLEY
2020-03-19,ASIANPAINT
2020-03-19,ASTERDM
2020-03-19,ASTRAZENCA
2020-03-19,ATGL
2020-03-19,ATUL
2020-03-19,ATULAUTO
2020-03-19,AUBANK
2020-03-19,AVANTIFEED
2020-03-19,AVERY
2020-03-19,AXISBANK
2020-03-19,BAJAJ
2020-03-19,BAJAJ-AUTO
2020-03-19,BAJAJHLDNG
2020-03-19,BAJFINANCE
2020-03-19,BALMLAWRIE
2020-03-19,BALRAMCHIN
2020-03-19,BANKBARODA
2020-03-19,BASF
2020-03-19,BATAINDIA
2020-03-19,BAYERCROP
2020-03-19,BBTC
2020-03-19,BDL
2020-03-19,BEL
2020-03-19,BEML
2020-03-19,BERGEPAINT
2020-03-19,BHARATFORG
2020-03-19,BHARTIARTL
2020-03-19,BHEL
2020-03-19,BI
2020-03-19,BIOCON
2020-03-19,BIRLACORPN
2020-03-19,BLISSGVS
2020-03-19,BLUEDART
2020-03-19,BLUESTARCO
2020-03-19,BOMDYEING
2020-03-19,BOSCH-HCIL
2020-03-19,BOSCHLTD
2020-03-19,BPCL
2020-03-19,BRIGADE
2020-03-19,BRITANNIA
2020-03-19,BSE
2020-03-19,BSOFT
2020-03-19,CABLE
2020-03-19,CANBK
2020-03-19,CANFINHOME
2020-03-19,CAPLIN
2020-03-19,CASTROLIND
2020-03-19,CCL
2020-03-19,CDSL
2020-03-19,CEATLTD
2020-03-19,CENTRALBK
2020-03-19,CERA
2020-03-19,CESC
2020-03-19,CGCL
2020-03-19,CHALET
2020-03-19,CHAMBLFERT
2020-03-19,CHEMINOR
2020-03-19,CHENNPETRO
2020-03-19,CHETTINAD
2020-03-19,CHOLAFIN
2020-03-19,CHOLAHLDNG
2020-03-19,CIPLA
2020-03-19,CMC
2020-03-19,COALINDIA
2020-03-19,COCHINSHIP
2020-03-19,COFORGE
2020-03-19,COLPAL
2020-03-19,CONCOR
2020-03-19,CONSOFINVT
2020-03-19,COROMANDEL
2020-03-19,CREDITACC
2020-03-19,CRISIL
2020-03-19,CROMPTON
2020-03-19,CUB
2020-03-19,CUMMINSIND
2020-03-19,CYBERTECH
2020-03-19,DABUR
2020-03-19,DALMIASUG
2020-03-19,DBCORP
2020-03-19,DBL
2020-03-19,DCAL
2020-03-19,DCLPOLYE
2020-03-19,DCW
2020-03-19,DEEPAKFERT
2020-03-19,DEEPAKNTR
2020-03-19,DHAMPURSUG
2020-03-19,DHFL
2020-03-19,DICIND
2020-03-19,DIGJAMLMTD
2020-03-19,DISHTV
2020-03-19,DLF
2020-03-19,DMART
2020-03-19,DRREDDY
2020-03-19,DSQSOFTW
2020-03-19,ECLERX
2020-03-19,EICHERMOT
2020-03-19,EIDPARRY
2020-03-19,EIHOTEL
2020-03-19,ELECON
2020-03-19,ELGIEQUIP
2020-03-19,ELGIRUBCO
2020-03-19,ENDURANCE
2020-03-19,ENERGY
2020-03-19,ENGINERSIN
2020-03-19,ERIS
2020-03-19,ESCORTS
2020-03-19,ESSAR
2020-03-19,EXCELINDUS
2020-03-19,EXIDEIND
2020-03-19,FACT
2020-03-19,FDC
2020-03-19,FEDERALBNK
2020-03-19,FINCABLES
2020-03-19,FLFL
2020-03-19,FMGOETZE
2020-03-19,FORTIS
2020-03-19,FOSECOIND
2020-03-19,FULFORD
2020-03-19,GAEL
2020-03-19,GAIL
2020-03-19,GALAXYSURF
2020-03-19,GANESHBE
2020-03-19,GARDEN
2020-03-19,GARWARE
2020-03-19,GAYAPROJ
2020-03-19,GESHIP
2020-03-19,GHCL
2020-03-19,GICRE
2020-03-19,GILLETTE
2020-03-19,GLAXO
2020-03-19,GLENMARK
2020-03-19,GLFL
2020-03-19,GMDCLTD
2020-03-19,GNFC
2020-03-19,GODFRYPHLP
2020-03-19,GODREJAGRO
2020-03-19,GODREJCP
2020-03-19,GODREJIND
2020-03-19,GOKEX
2020-03-19,GOODRICKE
2020-03-19,GOODYEAR
2020-03-19,GPPL
2020-03-19,GRANULES
2020-03-19,GRAPHITE
2020-03-19,GRASIM
2020-03-19,GREAVESCOT
2020-03-19,GRINDWELL
2020-03-19,GSFC
2020-03-19,GSPL
2020-03-19,GUJALKALI
2020-03-19,GUJGASLTD
2020-03-19,GVT&D
2020-03-19,HAL
2020-03-19,HARRMALAYA
2020-03-19,HATSUN
2020-03-19,HAVELLS
2020-03-19,HCLTECH
2020-03-19,HDFC
2020-03-19,HDFCAMC
2020-03-19,HDFCBANK
2020-03-19,HDFCLIFE
2020-03-19,HEALTHCARE
2020-03-19,HEG
2020-03-19,HEIDELBERG
2020-03-19,HERBERTS
2020-03-19,HERITGFOOD
2020-03-19,HEROMOTOCO
2020-03-19,HEXT
2020-03-19,HIMACHAL
2020-03-19,HIMATSEIDE
2020-03-19,HINDALCO
2020-03-19,HINDCOPPER
2020-03-19,HINDPETRO
2020-03-19,HINDSYNTEX
2020-03-19,HINDUNILVR
2020-03-19,HINDUSTAN
2020-03-19,HINDZINC
2020-03-19,HOGANAS
2020-03-19,HONAUT
2020-03-19,HSCL
2020-03-19,HUBTOWN
2020-03-19,IBREALEST
2020-03-19,IBULLSLTD
2020-03-19,IBVENTURES
2020-03-19,ICICI
2020-03-19,ICICIBANK
2020-03-19,ICICIGI
2020-03-19,ICICIPRULI
2020-03-19,ICRA
2020-03-19,IDBI
2020-03-19,IDFCFIRSTB
2020-03-19,IFBIND
2020-03-19,IFCI
2020-03-19,IGL
2020-03-19,IIFL
2020-03-19,INDHOTEL
2020-03-19,INDIACEM
2020-03-19,INDIAGLYCO
2020-03-19,INDIAMART
2020-03-19,INDIANB
2020-03-19,INDIGO
2020-03-19,INDUSINDBK
2020-03-19,INDUSTOWER
2020-03-19,INFIBEAM
2020-03-19,INFY
2020-03-19,INSILCO
2020-03-19,INTELLECT
2020-03-19,IOB
2020-03-19,IOC
2020-03-19,IONEXCHANG
2020-03-19,IPCALAB
2020-03-19,IPRINGS
2020-03-19,IRCON
2020-03-19,ISMT
2020-03-19,ITC
2020-03-19,ITDC
2020-03-19,ITDCEMEN
2020-03-19,ITI
2020-03-19,ITIETF
2020-03-19,ITWSIGNO
2020-03-19,JAGRAN
2020-03-19,JAICORPLTD
2020-03-19,JBCHEPHARM
2020-03-19,JBMA
2020-03-19,JGCHEM
2020-03-19,JINDALPHOT
2020-03-19,JINDALSAW
2020-03-19,JINDALSTEL
2020-03-19,JISLJALEQS
2020-03-19,JKCEMENT
2020-03-19,JKPAPER
2020-03-19,JKTYRE
2020-03-19,JSL
2020-03-19,JUBLFOOD
2020-03-19,JUBLINGRY
2020-03-19,KAJARIACER
2020-03-19,KANSAINER
2020-03-19,KARURVYSYA
2020-03-19,KARUTURI
2020-03-19,KEI
2020-03-19,KINETIC
2020-03-19,KMSUGAR
2020-03-19,KNRCON
2020-03-19,KOHINOOR
2020-03-19,KOTAKBANK
2020-03-19,KPEL
2020-03-19,KPITTECH
2020-03-19,KRBL
2020-03-19,KRISHNA
2020-03-19,KTKBANK
2020-03-19,KUMARS
2020-03-19,LALPATHLAB
2020-03-19,LAURUSLABS
2020-03-19,LEMONTREE
2020-03-19,LICHSGFIN
2020-03-19,LINDEINDIA
2020-03-19,LT
2020-03-19,LTTS
2020-03-19,LUPIN
2020-03-19,LUXIND
2020-03-19,M
2020-03-19,M&
2020-03-19,M&M
2020-03-19,MADURA
2020-03-19,MAFATIND
2020-03-19,MAHABANK
2020-03-19,MAHSCOOTER
2020-03-19,MAHSEAMLES
2020-03-19,MALWA
2020-03-19,MARICO
2020-03-19,MARUTI
2020-03-19,MASFIN
2020-03-19,MASTEK
2020-03-19,MATRIX
2020-03-19,MCX
2020-03-19,MERCK
2020-03-19,MERIND
2020-03-19,METROPOLIS
2020-03-19,MFSL
2020-03-19,MGL
2020-03-19,MIDHANI
2020-03-19,MODIXEROX
2020-03-19,MOREPENLAB
2020-03-19,MOTHERSON
2020-03-19,MOTHERSUMI
2020-03-19,MPHASIS
2020-03-19,MRF
2020-03-19,MRPL
2020-03-19,NAGARFERT
2020-03-19,NAHAR
2020-03-19,NAHARPOLY
2020-03-19,NAHARSPING
2020-03-19,NAM-INDIA
2020-03-19,NATCOPHARM
2020-03-19,NATIONAL
2020-03-19,NATIONALUM
2020-03-19,NAVA
2020-03-19,NAVINFLUOR
2020-03-19,NCC
2020-03-19,NESCO
2020-03-19,NESTLEIND
2020-03-19,NETWORK18
2020-03-19,NFL
2020-03-19,NH
2020-03-19,NIACL
2020-03-19,NILKAMAL
2020-03-19,NIRMA
2020-03-19,NITCO
2020-03-19,NLCINDIA
2020-03-19,NMDC
2020-03-19,NTPC
2020-03-19,OFSS
2020-03-19,OIL
2020-03-19,OILCOUNTUB
2020-03-19,OLECTRA
2020-03-19,OMAXAUTO
2020-03-19,OMAXE
2020-03-19,ONELIFECAP
2020-03-19,ONGC
2020-03-19,ONIDA
2020-03-19,ORIENTCEM
2020-03-19,ORIENTELEC
2020-03-19,PARAGMILK
2020-03-19,PATANJALI
2020-03-19,PATNI
2020-03-19,PATSPIN
2020-03-19,PCBL
2020-03-19,PCJEWELLER
2020-03-19,PDMJEPAPER
2020-03-19,PEL
2020-03-19,PENTAFOUR
2020-03-19,PENTAMEDIA
2020-03-19,PERSISTENT
2020-03-19,PETRONET
2020-03-19,PFIZER
2020-03-19,PGHL
2020-03-19,PHIL
2020-03-19,PHILIPS
2020-03-19,PHOENIX
2020-03-19,PIDILITIND
2020-03-19,PNB
2020-03-19,POLYCAB
2020-03-19,POONAWALLA
2020-03-19,PRAJIND
2020-03-19,PREMIERENE
2020-03-19,PRESTIGE
2020-03-19,PSIDATA
2020-03-19,PUNJABCHEM
2020-03-19,PUNJTRACT
2020-03-19,QUESS
2020-03-19,RAASI
2020-03-19,RAIN
2020-03-19,RAJESHEXPO
2020-03-19,RALLIS
2020-03-19,RAMCOCEM
2020-03-19,RATNAMANI
2020-03-19,RAYMOND
2020-03-19,RBLBANK
2020-03-19,RCF
2020-03-19,RECKITT
2020-03-19,RECLTD
2020-03-19,REIAGRO
2020-03-19,RELAXO
2020-03-19,RELCAPITAL
2020-03-19,RELIANCE
2020-03-19,RELINFRA
2020-03-19,RELMEDIA
2020-03-19,RESPONIND
2020-03-19,RITES
2020-03-19,RPGTRANS
2020-03-19,RPOWER
2020-03-19,RSWM
2020-03-19,RVNL
2020-03-19,SAIL
2020-03-19,SANGHI
2020-03-19,SANOFI
2020-03-19,SAREGAMA
2020-03-19,SBILIFE
2020-03-19,SCHAEFFLER
2020-03-19,SCHENECT
2020-03-19,SCI
2020-03-19,SESASTERL
2020-03-19,SESHAPAPER
2020-03-19,SFL
2020-03-19,SHAWWALLA
2020-03-19,SHILPAMED
2020-03-19,SHK
2020-03-19,SHOPERSTOP
2020-03-19,SHREECEM
2020-03-19,SHRIRAMFIN
2020-03-19,SHYAMTEL
2020-03-19,SIEMENS
2020-03-19,SIS
2020-03-19,SJVN
2020-03-19,SKFINDIA
2020-03-19,SKSMICRO
2020-03-19,SOLARINDS
2020-03-19,SONATSOFTW
2020-03-19,SOUTHBANK
2020-03-19,SPARC
2020-03-19,SPICEJET
2020-03-19,SRF
2020-03-19,STAR
2020-03-19,STARCEMENT
2020-03-19,STYROLUT
2020-03-19,SUNCLAY
2020-03-19,SUNDARMFIN
2020-03-19,SUNDRMFAST
2020-03-19,SUNPHARMA
2020-03-19,SUPRAJIT
2020-03-19,SUPREMEIND
2020-03-19,SWSOLAR
2020-03-19,SYMPHONY
2020-03-19,SYNGENE
2020-03-19,TAKE
2020-03-19,TATACONSUM
2020-03-19,TATAELXSI
2020-03-19,TATAINVEST
2020-03-19,TATAMETAL
2020-03-19,TATAMOTORS
2020-03-19,TATAPOWER
2020-03-19,TATASTEEL
2020-03-19,TCIEXP
2020-03-19,TCNSCLOTH
2020-03-19,TCS
2020-03-19,TEAMLEASE
2020-03-19,TECHNOE
2020-03-19,THERMAX
2020-03-19,THIRU
2020-03-19,THYROCARE
2020-03-19,TIINDIA
2020-03-19,TIMETECHNO
2020-03-19,TIMEX
2020-03-19,TIMKEN
2020-03-19,TITAN
2020-03-19,TMCV
2020-03-19,TORNTPHARM
2020-03-19,TORNTPOWER
2020-03-19,TRANSPEK
2020-03-19,TRENT
2020-03-19,TRIDENT
2020-03-19,TRITURBINE
2020-03-19,TTKPRESTIG
2020-03-19,TVTODAY
2020-03-19,UBL
2020-03-19,UCALFUEL
2020-03-19,UFLEX
2020-03-19,UJJIVAN
2020-03-19,ULTRACEMCO
2020-03-19,UNIONBANK
2020-03-19,UNOMINDA
2020-03-19,URBANCO
2020-03-19,VARROC
2020-03-19,VARUN
2020-03-19,VBL
2020-03-19,VENKEYS
2020-03-19,VISHAL
2020-03-19,VMART
2020-03-19,VOLTAS
2020-03-19,VTL
2020-03-19,WELENT
2020-03-19,WESTLIFE
2020-03-19,WIDIA
2020-03-19,WIMCO
2020-03-19,WINDMACH
2020-03-19,WIPRO
2020-03-19,WOCKPHARMA
2020-03-19,WSI
2020-03-19,WSTCSTPAPR
2020-03-19,ZENSARTECH
2020-03-19,ZYDUSWELL
2020-06-26,3MINDIA
2020-06-26,AARTIIND
2020-06-26,AAVAS
2020-06-26,ABB
2020-06-26,ABBOTINDIA
2020-06-26,ABCAPITAL
2020-06-26,ABREL
2020-06-26,ACC
2020-06-26,ADANIENSOL
2020-06-26,ADANIPOWER
2020-06-26,ADVENZYMES
2020-06-26,AEGISLOG
2020-06-26,AFFLE
2020-06-26,AGCNETWO
2020-06-26,AIAENG
2020-06-26,AKZOINDIA
2020-06-26,ALKEM
2020-06-26,ALLCARGO
2020-06-26,ALTOS
2020-06-26,AMBALAL
2020-06-26,AMBER
2020-06-26,AMBUJACEM
2020-06-26,APLAPOLLO
2020-06-26,APOLLOHOSP
2020-06-26,APOLLOTYRE
2020-06-26,APPAPER
2020-06-26,APPLE
2020-06-26,ARVIND
2020-06-26,ASAHIINDIA
2020-06-26,ASHOKLEY
2020-06-26,ASIANPAINT
2020-06-26,ASTERDM
2020-06-26,ASTRAZENCA
2020-06-26,ATGL
2020-06-26,ATUL
2020-06-26,ATULAUTO
2020-06-26,AUBANK
2020-06-26,AVANTIFEED
2020-06-26,AVERY
2020-06-26,AXISBANK
2020-06-26,BAJAJ
2020-06-26,BAJAJ-AUTO
2020-06-26,BAJAJHLDNG
2020-06-26,BAJFINANCE
2020-06-26,BALMLAWRIE
2020-06-26,BALRAMCHIN
2020-06-26,BANKBARODA
2020-06-26,BASF
2020-06-26,BATAINDIA
2020-06-26,BAYERCROP
2020-06-26,BBTC
2020-06-26,BDL
2020-06-26,BEL
2020-06-26,BEML
2020-06-26,BERGEPAINT
2020-06-26,BHARATFORG
2020-06-26,BHARATRAS
2020-06-26,BHARTIARTL
2020-06-26,BHEL
2020-06-26,BI
2020-06-26,BIOCON
2020-06-26,BIRLACORPN
2020-06-26,BLISSGVS
2020-06-26,BLUEDART
2020-06-26,BLUESTARCO
2020-06-26,BOMDYEING
2020-06-26,BOSCH-HCIL
2020-06-26,BOSCHLTD
2020-06-26,BPCL
2020-06-26,BRIGADE
2020-06-26,BRITANNIA
2020-06-26,BSE
2020-06-26,BSOFT
2020-06-26,CABLE
2020-06-26,CANBK
2020-06-26,CANFINHOME
2020-06-26,CAPLIN
2020-06-26,CASTROLIND
2020-06-26,CCL
2020-06-26,CDSL
2020-06-26,CEATLTD
2020-06-26,CENTRALBK
2020-06-26,CENTURYTEX
2020-06-26,CERA
2020-06-26,CESC
2020-06-26,CGCL
2020-06-26,CHAMBLFERT
2020-06-26,CHEMINOR
2020-06-26,CHENNPETRO
2020-06-26,CHETTINAD
2020-06-26,CHOLAFIN
2020-06-26,CHOLAHLDNG
2020-06-26,CIPLA
2020-06-26,CMC
2020-06-26,COALINDIA
2020-06-26,COCHINSHIP
2020-06-26,COFORGE
2020-06-26,COLPAL
2020-06-26,CONCOR
2020-06-26,CONSOFINVT
2020-06-26,COROMANDEL
2020-06-26,CREDITACC
2020-06-26,CRISIL
2020-06-26,CROMPTON
2020-06-26,CSBBANK
2020-06-26,CUB
2020-06-26,CUMMINSIND
2020-06-26,CYBERTECH
2020-06-26,DABUR
2020-06-26,DALMIASUG
2020-06-26,DBCORP
2020-06-26,DBL
2020-06-26,DCAL
2020-06-26,DCLPOLYE
2020-06-26,DCW
2020-06-26,DEEPAKFERT
2020-06-26,DEEPAKNTR
2020-06-26,DHAMPURSUG
2020-06-26,DHANUKA
2020-06-26,DICIND
2020-06-26,DIGJAMLMTD
2020-06-26,DISHTV
2020-06-26,DLF
2020-06-26,DMART
2020-06-26,DRREDDY
2020-06-26,DSQSOFTW
2020-06-26,ECLERX
2020-06-26,EICHERMOT
2020-06-26,EIDPARRY
2020-06-26,EIHOTEL
2020-06-26,ELECON
2020-06-26,ELGIEQUIP
2020-06-26,ELGIRUBCO
2020-06-26,ENDURANCE
2020-06-26,ENERGY
2020-06-26,ENGINERSIN
2020-06-26,ERIS
2020-06-26,ESABINDIA
2020-06-26,ESCORTS
2020-06-26,ESSAR
2020-06-26,EXCELINDUS
2020-06-26,EXIDEIND
2020-06-26,FACT
2020-06-26,FDC
2020-06-26,FEDERALBNK
2020-06-26,FINCABLES
2020-06-26,FLUOROCHEM
2020-06-26,FORTIS
2020-06-26,FOSECOIND
2020-06-26,FULFORD
2020-06-26,GAEL
2020-06-26,GAIL
2020-06-26,GALAXYSURF
2020-06-26,GANESHBE
2020-06-26,GARDEN
2020-06-26,GARWARE
2020-06-26,GESHIP
2020-06-26,GHCL
2020-06-26,GICRE
2020-06-26,GILLETTE
2020-06-26,GLAXO
2020-06-26,GLENMARK
2020-06-26,GLFL
2020-06-26,GMDCLTD
2020-06-26,GMMPFAUDLR
2020-06-26,GNFC
2020-06-26,GODFRYPHLP
2020-06-26,GODREJAGRO
2020-06-26,GODREJCP
2020-06-26,GODREJIND
2020-06-26,GOKEX
2020-06-26,GOODRICKE
2020-06-26,GOODYEAR
2020-06-26,GPPL
2020-06-26,GRANULES
2020-06-26,GRAPHITE
2020-06-26,GRASIM
2020-06-26,GREAVESCOT
2020-06-26,GRINDWELL
2020-06-26,GSFC
2020-06-26,GSPL
2020-06-26,GUJALKALI
2020-06-26,GUJGASLTD
2020-06-26,GVT&D
2020-06-26,HAL
2020-06-26,HARRMALAYA
2020-06-26,HATHWAY
2020-06-26,HATSUN
2020-06-26,HAVELLS
2020-06-26,HCLTECH
2020-06-26,HDFC
2020-06-26,HDFCAMC
2020-06-26,HDFCBANK
2020-06-26,HDFCLIFE
2020-06-26,HEALTHCARE
2020-06-26,HEG
2020-06-26,HEIDELBERG
2020-06-26,HERBERTS
2020-06-26,HERITGFOOD
2020-06-26,HEROMOTOCO
2020-06-26,HEXT
2020-06-26,HIMACHAL
2020-06-26,HIMATSEIDE
2020-06-26,HINDALCO
2020-06-26,HINDCOPPER
2020-06-26,HINDPETRO
2020-06-26,HINDSYNTEX
2020-06-26,HINDUNILVR
2020-06-26,HINDUSTAN
2020-06-26,HINDZINC
2020-06-26,HOGANAS
2020-06-26,HONAUT
2020-06-26,HSCL
2020-06-26,HUBTOWN
2020-06-26,IBREALEST
2020-06-26,IBVENTURES
2020-06-26,ICICI
2020-06-26,ICICIBANK
2020-06-26,ICICIGI
2020-06-26,ICICIPRULI
2020-06-26,ICRA
2020-06-26,IDBI
2020-06-26,IDFCFIRSTB
2020-06-26,IFBIND
2020-06-26,IFCI
2020-06-26,IGL
2020-06-26,IIFL
2020-06-26,INDHOTEL
2020-06-26,INDIACEM
2020-06-26,INDIAGLYCO
2020-06-26,INDIAMART
2020-06-26,INDIANB
2020-06-26,INDIGO
2020-06-26,INDOCO
2020-06-26,INDUSINDBK
2020-06-26,INDUSTOWER
2020-06-26,INFIBEAM
2020-06-26,INFY
2020-06-26,INGERRAND
2020-06-26,INSILCO
2020-06-26,INTELLECT
2020-06-26,IOB
2020-06-26,IOC
2020-06-26,IONEXCHANG
2020-06-26,IPCALAB
2020-06-26,IPRINGS
2020-06-26,IRCON
2020-06-26,IRCTC
2020-06-26,ISMT
2020-06-26,ITC
2020-06-26,ITDC
2020-06-26,ITI
2020-06-26,ITIETF
2020-06-26,ITWSIGNO
2020-06-26,JAGRAN
2020-06-26,JAICORPLTD
2020-06-26,JBCHEPHARM
2020-06-26,JBMA
2020-06-26,JGCHEM
2020-06-26,JINDALPHOT
2020-06-26,JINDALSAW
2020-06-26,JINDALSTEL
2020-06-26,JKCEMENT
2020-06-26,JKPAPER
2020-06-26,JKTYRE
2020-06-26,JSL
2020-06-26,JUBLFOOD
2020-06-26,JUBLINGRY
2020-06-26,KAJARIACER
2020-06-26,KANSAINER
2020-06-26,KARURVYSYA
2020-06-26,KARUTURI
2020-06-26,KEI
2020-06-26,KINETIC
2020-06-26,KMSUGAR
2020-06-26,KNRCON
2020-06-26,KOHINOOR
2020-06-26,KOTAKBANK
2020-06-26,KPEL
2020-06-26,KPITTECH
2020-06-26,KRBL
2020-06-26,KRISHNA
2020-06-26,KSB
2020-06-26,KTKBANK
2020-06-26,KUMARS
2020-06-26,LALPATHLAB
2020-06-26,LAOPALA
2020-06-26,LAURUSLABS
2020-06-26,LEMONTREE
2020-06-26,LICHSGFIN
2020-06-26,LINDEINDIA
2020-06-26,LT
2020-06-26,LTF
2020-06-26,LTTS
2020-06-26,LUPIN
2020-06-26,LUXIND
2020-06-26,M
2020-06-26,M&
2020-06-26,M&M
2020-06-26,MADURA
2020-06-26,MAFATIND
2020-06-26,MAHABANK
2020-06-26,MAHSCOOTER
2020-06-26,MAHSEAMLES
2020-06-26,MALWA
2020-06-26,MARICO
2020-06-26,MARUTI
2020-06-26,MASFIN
2020-06-26,MASTEK
2020-06-26,MATRIX
2020-06-26,MCX
2020-06-26,MERCK
2020-06-26,MERIND
2020-06-26,METROPOLIS
2020-06-26,MFSL
2020-06-26,MGL
2020-06-26,MIDHANI
2020-06-26,MODIXEROX
2020-06-26,MOREPENLAB
2020-06-26,MOTHERSON
2020-06-26,MOTHERSUMI
2020-06-26,MPHASIS
2020-06-26,MRF
2020-06-26,MRPL
2020-06-26,NAGARFERT
2020-06-26,NAHAR
2020-06-26,NAHARPOLY
2020-06-26,NAHARSPING
2020-06-26,NAM-INDIA
2020-06-26,NATCOPHARM
2020-06-26,NATIONAL
2020-06-26,NATIONALUM
2020-06-26,NAVA
2020-06-26,NAVINFLUOR
2020-06-26,NCC
2020-06-26,NESCO
2020-06-26,NESTLEIND
2020-06-26,NFL
2020-06-26,NH
2020-06-26,NIACL
2020-06-26,NILKAMAL
2020-06-26,NIRMA
2020-06-26,NITCO
2020-06-26,NLCINDIA
2020-06-26,NMDC
2020-06-26,NTPC
2020-06-26,OFSS
2020-06-26,OILCOUNTUB
2020-06-26,OLECTRA
2020-06-26,OMAXAUTO
2020-06-26,OMAXE
2020-06-26,ONELIFECAP
2020-06-26,ONGC
2020-06-26,ONIDA
2020-06-26,ORIENTCEM
2020-06-26,ORIENTELEC
2020-06-26,PATANJALI
2020-06-26,PATNI
2020-06-26,PATSPIN
2020-06-26,PCBL
2020-06-26,PDMJEPAPER
2020-06-26,PEL
2020-06-26,PENTAFOUR
2020-06-26,PENTAMEDIA
2020-06-26,PERSISTENT
2020-06-26,PETRONET
2020-06-26,PFIZER
2020-06-26,PGHL
2020-06-26,PHIL
2020-06-26,PHILIPS
2020-06-26,PHOENIX
2020-06-26,PIDILITIND
2020-06-26,PNB
2020-06-26,POLYCAB
2020-06-26,POLYMED
2020-06-26,POONAWALLA
2020-06-26,PRAJIND
2020-06-26,PREMIERENE
2020-06-26,PRESTIGE
2020-06-26,PSIDATA
2020-06-26,PUNJABCHEM
2020-06-26,PUNJTRACT
2020-06-26,QUESS
2020-06-26,RAASI
2020-06-26,RAIN
2020-06-26,RAJESHEXPO
2020-06-26,RALLIS
2020-06-26,RAMCOCEM
2020-06-26,RATNAMANI
2020-06-26,RAYMOND
2020-06-26,RBLBANK
2020-06-26,RCF
2020-06-26,RECKITT
2020-06-26,RECLTD
2020-06-26,REIAGRO
2020-06-26,RELAXO
2020-06-26,RELIANCE
2020-06-26,RELMEDIA
2020-06-26,RITES
2020-06-26,RPGTRANS
2020-06-26,RSWM
2020-06-26,RVNL
2020-06-26,SAIL
2020-06-26,SANGHI
2020-06-26,SANOFI
2020-06-26,SAREGAMA
2020-06-26,SBILIFE
2020-06-26,SCHAEFFLER
2020-06-26,SCHENECT
2020-06-26,SCHNEIDER
2020-06-26,SCI
2020-06-26,SCILAL
2020-06-26,SEQUENT
2020-06-26,SESASTERL
2020-06-26,SESHAPAPER
2020-06-26,SFL
2020-06-26,SHAWWALLA
2020-06-26,SHOPERSTOP
2020-06-26,SHREECEM
2020-06-26,SHRIRAMFIN
2020-06-26,SHYAMTEL
2020-06-26,SIEMENS
2020-06-26,SIS
2020-06-26,SJVN
2020-06-26,SKFINDIA
2020-06-26,SKSMICRO
2020-06-26,SOLARINDS
2020-06-26,SONATSOFTW
2020-06-26,SOUTHBANK
2020-06-26,SPARC
2020-06-26,SPICEJET
2020-06-26,SRF
2020-06-26,STAR
2020-06-26,STARCEMENT
2020-06-26,STYROLUT
2020-06-26,SUMICHEM
2020-06-26,SUNDARMFIN
2020-06-26,SUNDRMFAST
2020-06-26,SUNPHARMA
2020-06-26,SUPRAJIT
2020-06-26,SUPREMEIND
2020-06-26,SWSOLAR
2020-06-26,SYMPHONY
2020-06-26,SYNGENE
2020-06-26,TAKE
2020-06-26,TATACOMM
2020-06-26,TATACONSUM
2020-06-26,TATAELXSI
2020-06-26,TATAINVEST
2020-06-26,TATAMETAL
2020-06-26,TATAMOTORS
2020-06-26,TATAPOWER
2020-06-26,TATASTEEL
2020-06-26,TCIEXP
2020-06-26,TCNSCLOTH
2020-06-26,TCS
2020-06-26,TEAMLEASE
2020-06-26,THERMAX
2020-06-26,THIRU
2020-06-26,THYROCARE
2020-06-26,TIINDIA
2020-06-26,TIMETECHNO
2020-06-26,TIMEX
2020-06-26,TIMKEN
2020-06-26,TITAN
2020-06-26,TMCV
2020-06-26,TORNTPHARM
2020-06-26,TORNTPOWER
2020-06-26,TRANSPEK
2020-06-26,TRENT
2020-06-26,TRIDENT
2020-06-26,TTKPRESTIG
2020-06-26,TVTODAY
2020-06-26,UBL
2020-06-26,UCALFUEL
2020-06-26,UFLEX
2020-06-26,UJJIVAN
2020-06-26,ULTRACEMCO
2020-06-26,UNIONBANK
2020-06-26,UNOMINDA
2020-06-26,URBANCO
2020-06-26,VARROC
2020-06-26,VARUN
2020-06-26,VBL
2020-06-26,VENKEYS
2020-06-26,VESUVIUS
2020-06-26,VISHAL
2020-06-26,VMART
2020-06-26,VOLTAS
2020-06-26,VTL
2020-06-26,WELENT
2020-06-26,WESTLIFE
2020-06-26,WIDIA
2020-06-26,WIMCO
2020-06-26,WINDMACH
2020-06-26,WIPRO
2020-06-26,WOCKPHARMA
2020-06-26,WSI
2020-06-26,WSTCSTPAPR
2020-06-26,ZENSARTECH
2020-06-26,ZYDUSWELL
2020-07-31,3MINDIA
2020-07-31,AARTIIND
2020-07-31,AAVAS
2020-07-31,ABB
2020-07-31,ABBOTINDIA
2020-07-31,ABCAPITAL
2020-07-31,ABREL
2020-07-31,ACC
2020-07-31,ADANIENSOL
2020-07-31,ADANIPOWER
2020-07-31,ADVENZYMES
2020-07-31,AEGISLOG
2020-07-31,AFFLE
2020-07-31,AGCNETWO
2020-07-31,AIAENG
2020-07-31,AKZOINDIA
2020-07-31,ALKEM
2020-07-31,ALLCARGO
2020-07-31,ALTOS
2020-07-31,AMBALAL
2020-07-31,AMBER
2020-07-31,AMBUJACEM
2020-07-31,APLAPOLLO
2020-07-31,APOLLOHOSP
2020-07-31,APOLLOTYRE
2020-07-31,APPAPER
2020-07-31,APPLE
2020-07-31,ARVIND
2020-07-31,ASAHIINDIA
2020-07-31,ASHOKLEY
2020-07-31,ASIANPAINT
2020-07-31,ASTERDM
2020-07-31,ASTRAZENCA
2020-07-31,ATGL
2020-07-31,ATUL
2020-07-31,ATULAUTO
2020-07-31,AUBANK
2020-07-31,AVANTIFEED
2020-07-31,AVERY
2020-07-31,AXISBANK
2020-07-31,BAJAJ
2020-07-31,BAJAJ-AUTO
2020-07-31,BAJAJHLDNG
2020-07-31,BAJFINANCE
2020-07-31,BALMLAWRIE
2020-07-31,BALRAMCHIN
2020-07-31,BANKBARODA
2020-07-31,BASF
2020-07-31,BATAINDIA
2020-07-31,BAYERCROP
2020-07-31,BBTC
2020-07-31,BDL
2020-07-31,BEL
2020-07-31,BEML
2020-07-31,BERGEPAINT
2020-07-31,BHARATFORG
2020-07-31,BHARATRAS
2020-07-31,BHARTIARTL
2020-07-31,BHEL
2020-07-31,BI
2020-07-31,BIOCON
2020-07-31,BIRLACORPN
2020-07-31,BLISSGVS
2020-07-31,BLUEDART
2020-07-31,BLUESTARCO
2020-07-31,BOMDYEING
2020-07-31,BOSCH-HCIL
2020-07-31,BOSCHLTD
2020-07-31,BPCL
2020-07-31,BRIGADE
2020-07-31,BRITANNIA
2020-07-31,BSE
2020-07-31,BSOFT
2020-07-31,CABLE
2020-07-31,CANBK
2020-07-31,CANFINHOME
2020-07-31,CAPLIN
2020-07-31,CASTROLIND
2020-07-31,CCL
2020-07-31,CDSL
2020-07-31,CEATLTD
2020-07-31,CENTRALBK
2020-07-31,CENTURYTEX
2020-07-31,CERA
2020-07-31,CESC
2020-07-31,CGCL
2020-07-31,CHAMBLFERT
2020-07-31,CHEMINOR
2020-07-31,CHENNPETRO
2020-07-31,CHETTINAD
2020-07-31,CHOLAFIN
2020-07-31,CHOLAHLDNG
2020-07-31,CIPLA
2020-07-31,CMC
2020-07-31,COALINDIA
2020-07-31,COCHINSHIP
2020-07-31,COFORGE
2020-07-31,COLPAL
2020-07-31,CONCOR
2020-07-31,CONSOFINVT
2020-07-31,COROMANDEL
2020-07-31,CREDITACC
2020-07-31,CRISIL
2020-07-31,CROMPTON
2020-07-31,CSBBANK
2020-07-31,CUB
2020-07-31,CUMMINSIND
2020-07-31,CYBERTECH
2020-07-31,DABUR
2020-07-31,DALMIASUG
2020-07-31,DBCORP
2020-07-31,DBL
2020-07-31,DCAL
2020-07-31,DCLPOLYE
2020-07-31,DCW
2020-07-31,DEEPAKFERT
2020-07-31,DEEPAKNTR
2020-07-31,DHAMPURSUG
2020-07-31,DICIND
2020-07-31,DIGJAMLMTD
2020-07-31,DISHTV
2020-07-31,DLF
2020-07-31,DMART
2020-07-31,DRREDDY
2020-07-31,DSQSOFTW
2020-07-31,ECLERX
2020-07-31,EICHERMOT
2020-07-31,EIDPARRY
2020-07-31,EIHOTEL
2020-07-31,ELECON
2020-07-31,ELGIEQUIP
2020-07-31,ELGIRUBCO
2020-07-31,ENDURANCE
2020-07-31,ENERGY
2020-07-31,ENGINERSIN
2020-07-31,ERIS
2020-07-31,ESABINDIA
2020-07-31,ESCORTS
2020-07-31,ESSAR
2020-07-31,EXCELINDUS
2020-07-31,EXIDEIND
2020-07-31,FACT
2020-07-31,FDC
2020-07-31,FEDERALBNK
2020-07-31,FINCABLES
2020-07-31,FLUOROCHEM
2020-07-31,FORTIS
2020-07-31,FOSECOIND
2020-07-31,FULFORD
2020-07-31,GAEL
2020-07-31,GAIL
2020-07-31,GALAXYSURF
2020-07-31,GANESHBE
2020-07-31,GARDEN
2020-07-31,GARWARE
2020-07-31,GESHIP
2020-07-31,GHCL
2020-07-31,GICRE
2020-07-31,GILLETTE
2020-07-31,GLAXO
2020-07-31,GLENMARK
2020-07-31,GLFL
2020-07-31,GMDCLTD
2020-07-31,GMMPFAUDLR
2020-07-31,GNFC
2020-07-31,GODFRYPHLP
2020-07-31,GODREJAGRO
2020-07-31,GODREJCP
2020-07-31,GODREJIND
2020-07-31,GOKEX
2020-07-31,GOODRICKE
2020-07-31,GOODYEAR
2020-07-31,GPPL
2020-07-31,GRANULES
2020-07-31,GRAPHITE
2020-07-31,GRASIM
2020-07-31,GREAVESCOT
2020-07-31,GRINDWELL
2020-07-31,GSFC
2020-07-31,GSPL
2020-07-31,GUJALKALI
2020-07-31,GUJGASLTD
2020-07-31,GVT&D
2020-07-31,HAL
2020-07-31,HARRMALAYA
2020-07-31,HATHWAY
2020-07-31,HATSUN
2020-07-31,HAVELLS
2020-07-31,HCLTECH
2020-07-31,HDFC
2020-07-31,HDFCAMC
2020-07-31,HDFCBANK
2020-07-31,HDFCLIFE
2020-07-31,HEALTHCARE
2020-07-31,HEG
2020-07-31,HEIDELBERG
2020-07-31,HERBERTS
2020-07-31,HERITGFOOD
2020-07-31,HEROMOTOCO
2020-07-31,HEXT
2020-07-31,HIMACHAL
2020-07-31,HIMATSEIDE
2020-07-31,HINDALCO
2020-07-31,HINDCOPPER
2020-07-31,HINDPETRO
2020-07-31,HINDSYNTEX
2020-07-31,HINDUNILVR
2020-07-31,HINDUSTAN
2020-07-31,HINDZINC
2020-07-31,HOGANAS
2020-07-31,HONAUT
2020-07-31,HSCL
2020-07-31,HUBTOWN
2020-07-31,IBREALEST
2020-07-31,IBVENTURES
2020-07-31,ICICI
2020-07-31,ICICIBANK
2020-07-31,ICICIGI
2020-07-31,ICICIPRULI
2020-07-31,ICRA
2020-07-31,IDBI
2020-07-31,IDFCFIRSTB
2020-07-31,IFBIND
2020-07-31,IFCI
2020-07-31,IGL
2020-07-31,IIFL
2020-07-31,INDHOTEL
2020-07-31,INDIACEM
2020-07-31,INDIAGLYCO
2020-07-31,INDIAMART
2020-07-31,INDIANB
2020-07-31,INDIGO
2020-07-31,INDOCO
2020-07-31,INDUSINDBK
2020-07-31,INDUSTOWER
2020-07-31,INFIBEAM
2020-07-31,INFY
2020-07-31,INGERRAND
2020-07-31,INSILCO
2020-07-31,INTELLECT
2020-07-31,IOB
2020-07-31,IOC
2020-07-31,IONEXCHANG
2020-07-31,IPCALAB
2020-07-31,IPRINGS
2020-07-31,IRCON
2020-07-31,IRCTC
2020-07-31,ISMT
2020-07-31,ITC
2020-07-31,ITDC
2020-07-31,ITI
2020-07-31,ITIETF
2020-07-31,ITWSIGNO
2020-07-31,JAGRAN
2020-07-31,JAICORPLTD
2020-07-31,JBCHEPHARM
2020-07-31,JBMA
2020-07-31,JGCHEM
2020-07-31,JINDALPHOT
2020-07-31,JINDALSAW
2020-07-31,JINDALSTEL
2020-07-31,JKCEMENT
2020-07-31,JKPAPER
2020-07-31,JKTYRE
2020-07-31,JSL
2020-07-31,JUBLFOOD
2020-07-31,JUBLINGRY
2020-07-31,KAJARIACER
2020-07-31,KANSAINER
2020-07-31,KARURVYSYA
2020-07-31,KARUTURI
2020-07-31,KEI
2020-07-31,KINETIC
2020-07-31,KMSUGAR
2020-07-31,KNRCON
2020-07-31,KOHINOOR
2020-07-31,KOTAKBANK
2020-07-31,KPEL
2020-07-31,KPITTECH
2020-07-31,KRBL
2020-07-31,KRISHNA
2020-07-31,KSB
2020-07-31,KTKBANK
2020-07-31,KUMARS
2020-07-31,LALPATHLAB
2020-07-31,LAOPALA
2020-07-31,LAURUSLABS
2020-07-31,LEMONTREE
2020-07-31,LICHSGFIN
2020-07-31,LINDEINDIA
2020-07-31,LT
2020-07-31,LTF
2020-07-31,LTTS
2020-07-31,LUPIN
2020-07-31,LUXIND
2020-07-31,M
2020-07-31,M&
2020-07-31,M&M
2020-07-31,MADURA
2020-07-31,MAFATIND
2020-07-31,MAHABANK
2020-07-31,MAHSCOOTER
2020-07-31,MAHSEAMLES
2020-07-31,MALWA
2020-07-31,MARICO
2020-07-31,MARUTI
2020-07-31,MASFIN
2020-07-31,MASTEK
2020-07-31,MATRIX
2020-07-31,MCX
2020-07-31,MERCK
2020-07-31,MERIND
2020-07-31,METROPOLIS
2020-07-31,MFSL
2020-07-31,MGL
2020-07-31,MIDHANI
2020-07-31,MODIXEROX
2020-07-31,MOREPENLAB
2020-07-31,MOTHERSON
2020-07-31,MOTHERSUMI
2020-07-31,MPHASIS
2020-07-31,MRF
2020-07-31,MRPL
2020-07-31,NAGARFERT
2020-07-31,NAHAR
2020-07-31,NAHARPOLY
2020-07-31,NAHARSPING
2020-07-31,NAM-INDIA
2020-07-31,NATCOPHARM
2020-07-31,NATIONAL
2020-07-31,NATIONALUM
2020-07-31,NAVA
2020-07-31,NAVINFLUOR
2020-07-31,NCC
2020-07-31,NESCO
2020-07-31,NESTLEIND
2020-07-31,NFL
2020-07-31,NH
2020-07-31,NIACL
2020-07-31,NILKAMAL
2020-07-31,NIRMA
2020-07-31,NITCO
2020-07-31,NLCINDIA
2020-07-31,NMDC
2020-07-31,NTPC
2020-07-31,OFSS
2020-07-31,OILCOUNTUB
2020-07-31,OLECTRA
2020-07-31,OMAXAUTO
2020-07-31,OMAXE
2020-07-31,ONELIFECAP
2020-07-31,ONGC
2020-07-31,ONIDA
2020-07-31,ORIENTCEM
2020-07-31,ORIENTELEC
2020-07-31,PATANJALI
2020-07-31,PATNI
2020-07-31,PATSPIN
2020-07-31,PCBL
2020-07-31,PDMJEPAPER
2020-07-31,PEL
2020-07-31,PENTAFOUR
2020-07-31,PENTAMEDIA
2020-07-31,PERSISTENT
2020-07-31,PETRONET
2020-07-31,PFIZER
2020-07-31,PGHL
2020-07-31,PHIL
2020-07-31,PHILIPS
2020-07-31,PHOENIX
2020-07-31,PIDILITIND
2020-07-31,PNB
2020-07-31,POLYCAB
2020-07-31,POLYMED
2020-07-31,POONAWALLA
2020-07-31,PRAJIND
2020-07-31,PREMIERENE
2020-07-31,PRESTIGE
2020-07-31,PSIDATA
2020-07-31,PUNJABCHEM
2020-07-31,PUNJTRACT
2020-07-31,QUESS
2020-07-31,RAASI
2020-07-31,RAIN
2020-07-31,RAJESHEXPO
2020-07-31,RALLIS
2020-07-31,RAMCOCEM
2020-07-31,RATNAMANI
2020-07-31,RAYMOND
2020-07-31,RBLBANK
2020-07-31,RCF
2020-07-31,RECKITT
2020-07-31,RECLTD
2020-07-31,REIAGRO
2020-07-31,RELAXO
2020-07-31,RELIANCE
2020-07-31,RELMEDIA
2020-07-31,RITES
2020-07-31,RPGTRANS
2020-07-31,RSWM
2020-07-31,RVNL
2020-07-31,SAIL
2020-07-31,SANGHI
2020-07-31,SANOFI
2020-07-31,SAREGAMA
2020-07-31,SBICARD
2020-07-31,SBILIFE
2020-07-31,SCHAEFFLER
2020-07-31,SCHENECT
2020-07-31,SCHNEIDER
2020-07-31,SCI
2020-07-31,SCILAL
2020-07-31,SEQUENT
2020-07-31,SESASTERL
2020-07-31,SESHAPAPER
2020-07-31,SFL
2020-07-31,SHAWWALLA
2020-07-31,SHOPERSTOP
2020-07-31,SHREECEM
2020-07-31,SHRIRAMFIN
2020-07-31,SHYAMTEL
2020-07-31,SIEMENS
2020-07-31,SIS
2020-07-31,SJVN
2020-07-31,SKFINDIA
2020-07-31,SKSMICRO
2020-07-31,SOLARINDS
2020-07-31,SONATSOFTW
2020-07-31,SOUTHBANK
2020-07-31,SPARC
2020-07-31,SPICEJET
2020-07-31,SRF
2020-07-31,STAR
2020-07-31,STARCEMENT
2020-07-31,STYROLUT
2020-07-31,SUMICHEM
2020-07-31,SUNDARMFIN
2020-07-31,SUNDRMFAST
2020-07-31,SUNPHARMA
2020-07-31,SUPRAJIT
2020-07-31,SUPREMEIND
2020-07-31,SWSOLAR
2020-07-31,SYMPHONY
2020-07-31,SYNGENE
2020-07-31,TAKE
2020-07-31,TATACOMM
2020-07-31,TATACONSUM
2020-07-31,TATAELXSI
2020-07-31,TATAINVEST
2020-07-31,TATAMETAL
2020-07-31,TATAMOTORS
2020-07-31,TATAPOWER
2020-07-31,TATASTEEL
2020-07-31,TCIEXP
2020-07-31,TCNSCLOTH
2020-07-31,TCS
2020-07-31,TEAMLEASE
2020-07-31,THERMAX
2020-07-31,THIRU
2020-07-31,THYROCARE
2020-07-31,TIINDIA
2020-07-31,TIMETECHNO
2020-07-31,TIMEX
2020-07-31,TIMKEN
2020-07-31,TITAN
2020-07-31,TMCV
2020-07-31,TORNTPHARM
2020-07-31,TORNTPOWER
2020-07-31,TRANSPEK
2020-07-31,TRENT
2020-07-31,TRIDENT
2020-07-31,TTKPRESTIG
2020-07-31,TVTODAY
2020-07-31,UBL
2020-07-31,UCALFUEL
2020-07-31,UFLEX
2020-07-31,UJJIVAN
2020-07-31,ULTRACEMCO
2020-07-31,UNIONBANK
2020-07-31,UNOMINDA
2020-07-31,URBANCO
2020-07-31,VARROC
2020-07-31,VARUN
2020-07-31,VBL
2020-07-31,VENKEYS
2020-07-31,VESUVIUS
2020-07-31,VISHAL
2020-07-31,VMART
2020-07-31,VOLTAS
2020-07-31,VTL
2020-07-31,WELENT
2020-07-31,WESTLIFE
2020-07-31,WIDIA
2020-07-31,WIMCO
2020-07-31,WINDMACH
2020-07-31,WIPRO
2020-07-31,WOCKPHARMA
2020-07-31,WSI
2020-07-31,WSTCSTPAPR
2020-07-31,ZENSARTECH
2020-07-31,ZYDUSWELL
2020-09-14,3MINDIA
2020-09-14,AARTIIND
2020-09-14,AAVAS
2020-09-14,ABB
2020-09-14,ABBOTINDIA
2020-09-14,ABCAPITAL
2020-09-14,ABREL
2020-09-14,ACC
2020-09-14,ADANIENSOL
2020-09-14,ADANIPOWER
2020-09-14,ADVENZYMES
2020-09-14,AEGISLOG
2020-09-14,AFFLE
2020-09-14,AGCNETWO
2020-09-14,AIAENG
2020-09-14,AKZOINDIA
2020-09-14,ALKEM
2020-09-14,ALLCARGO
2020-09-14,ALTOS
2020-09-14,AMBALAL
2020-09-14,AMBER
2020-09-14,AMBUJACEM
2020-09-14,APLAPOLLO
2020-09-14,APOLLOHOSP
2020-09-14,APOLLOTYRE
2020-09-14,APPAPER
2020-09-14,APPLE
2020-09-14,ARVIND
2020-09-14,ASHOKLEY
2020-09-14,ASIANPAINT
2020-09-14,ASTERDM
2020-09-14,ASTRAZENCA
2020-09-14,ATGL
2020-09-14,ATUL
2020-09-14,ATULAUTO
2020-09-14,AUBANK
2020-09-14,AVANTIFEED
2020-09-14,AVERY
2020-09-14,AXISBANK
2020-09-14,BAJAJ
2020-09-14,BAJAJ-AUTO
2020-09-14,BAJAJHLDNG
2020-09-14,BAJFINANCE
2020-09-14,BALMLAWRIE
2020-09-14,BALRAMCHIN
2020-09-14,BANKBARODA
2020-09-14,BASF
2020-09-14,BATAINDIA
2020-09-14,BAYERCROP
2020-09-14,BBTC
2020-09-14,BDL
2020-09-14,BEL
2020-09-14,BEML
2020-09-14,BERGEPAINT
2020-09-14,BHARATFORG
2020-09-14,BHARATRAS
2020-09-14,BHARTIARTL
2020-09-14,BHEL
2020-09-14,BI
2020-09-14,BIOCON
2020-09-14,BIRLACORPN
2020-09-14,BLISSGVS
2020-09-14,BLUEDART
2020-09-14,BLUESTARCO
2020-09-14,BOMDYEING
2020-09-14,BOSCH-HCIL
2020-09-14,BOSCHLTD
2020-09-14,BPCL
2020-09-14,BRIGADE
2020-09-14,BRITANNIA
2020-09-14,BSE
2020-09-14,BSOFT
2020-09-14,CABLE
2020-09-14,CANBK
2020-09-14,CANFINHOME
2020-09-14,CAPLIN
2020-09-14,CASTROLIND
2020-09-14,CCL
2020-09-14,CDSL
2020-09-14,CEATLTD
2020-09-14,CENTRALBK
2020-09-14,CENTURYTEX
2020-09-14,CERA
2020-09-14,CESC
2020-09-14,CGCL
2020-09-14,CHAMBLFERT
2020-09-14,CHEMINOR
2020-09-14,CHENNPETRO
2020-09-14,CHETTINAD
2020-09-14,CHOLAFIN
2020-09-14,CHOLAHLDNG
2020-09-14,CIPLA
2020-09-14,CMC
2020-09-14,COALINDIA
2020-09-14,COCHINSHIP
2020-09-14,COFORGE
2020-09-14,COLPAL
2020-09-14,CONCOR
2020-09-14,CONSOFINVT
2020-09-14,COROMANDEL
2020-09-14,CREDITACC
2020-09-14,CRISIL
2020-09-14,CROMPTON
2020-09-14,CSBBANK
2020-09-14,CUB
2020-09-14,CUMMINSIND
2020-09-14,CYBERTECH
2020-09-14,DABUR
2020-09-14,DALMIASUG
2020-09-14,DBCORP
2020-09-14,DBL
2020-09-14,DCAL
2020-09-14,DCLPOLYE
2020-09-14,DCW
2020-09-14,DEEPAKFERT
2020-09-14,DEEPAKNTR
2020-09-14,DHAMPURSUG
2020-09-14,DICIND
2020-09-14,DIGJAMLMTD
2020-09-14,DISHTV
2020-09-14,DLF
2020-09-14,DMART
2020-09-14,DRREDDY
2020-09-14,DSQSOFTW
2020-09-14,ECLERX
2020-09-14,EICHERMOT
2020-09-14,EIDPARRY
2020-09-14,EIHOTEL
2020-09-14,ELECON
2020-09-14,ELGIEQUIP
2020-09-14,ELGIRUBCO
2020-09-14,ENDURANCE
2020-09-14,ENERGY
2020-09-14,ENGINERSIN
2020-09-14,ERIS
2020-09-14,ESABINDIA
2020-09-14,ESCORTS
2020-09-14,ESSAR
2020-09-14,EXCELINDUS
2020-09-14,EXIDEIND
2020-09-14,FACT
2020-09-14,FDC
2020-09-14,FEDERALBNK
2020-09-14,FINCABLES
2020-09-14,FLUOROCHEM
2020-09-14,FORTIS
2020-09-14,FOSECOIND
2020-09-14,FULFORD
2020-09-14,GAEL
2020-09-14,GAIL
2020-09-14,GALAXYSURF
2020-09-14,GANESHBE
2020-09-14,GARDEN
2020-09-14,GARWARE
2020-09-14,GESHIP
2020-09-14,GHCL
2020-09-14,GICRE
2020-09-14,GILLETTE
2020-09-14,GLAXO
2020-09-14,GLENMARK
2020-09-14,GLFL
2020-09-14,GMDCLTD
2020-09-14,GMMPFAUDLR
2020-09-14,GNFC
2020-09-14,GODFRYPHLP
2020-09-14,GODREJAGRO
2020-09-14,GODREJCP
2020-09-14,GODREJIND
2020-09-14,GOKEX
2020-09-14,GOODRICKE
2020-09-14,GOODYEAR
2020-09-14,GPPL
2020-09-14,GRANULES
2020-09-14,GRAPHITE
2020-09-14,GRASIM
2020-09-14,GREAVESCOT
2020-09-14,GRINDWELL
2020-09-14,GSFC
2020-09-14,GSPL
2020-09-14,GUJALKALI
2020-09-14,GUJGASLTD
2020-09-14,GVT&D
2020-09-14,HAL
2020-09-14,HARRMALAYA
2020-09-14,HATHWAY
2020-09-14,HATSUN
2020-09-14,HAVELLS
2020-09-14,HCLTECH
2020-09-14,HDFC
2020-09-14,HDFCAMC
2020-09-14,HDFCBANK
2020-09-14,HDFCLIFE
2020-09-14,HEALTHCARE
2020-09-14,HEG
2020-09-14,HEIDELBERG
2020-09-14,HERBERTS
2020-09-14,HERITGFOOD
2020-09-14,HEROMOTOCO
2020-09-14,HEXT
2020-09-14,HIMACHAL
2020-09-14,HIMATSEIDE
2020-09-14,HINDALCO
2020-09-14,HINDCOPPER
2020-09-14,HINDPETRO
2020-09-14,HINDSYNTEX
2020-09-14,HINDUNILVR
2020-09-14,HINDUSTAN
2020-09-14,HINDZINC
2020-09-14,HOGANAS
2020-09-14,HONAUT
2020-09-14,HSCL
2020-09-14,HUBTOWN
2020-09-14,IBREALEST
2020-09-14,IBVENTURES
2020-09-14,ICICI
2020-09-14,ICICIBANK
2020-09-14,ICICIGI
2020-09-14,ICICIPRULI
2020-09-14,ICRA
2020-09-14,IDBI
2020-09-14,IDFCFIRSTB
2020-09-14,IFBIND
2020-09-14,IFCI
2020-09-14,IGL
2020-09-14,IIFL
2020-09-14,INDHOTEL
2020-09-14,INDIACEM
2020-09-14,INDIAGLYCO
2020-09-14,INDIAMART
2020-09-14,INDIANB
2020-09-14,INDIGO
2020-09-14,INDOCO
2020-09-14,INDUSINDBK
2020-09-14,INDUSTOWER
2020-09-14,INFIBEAM
2020-09-14,INFY
2020-09-14,INGERRAND
2020-09-14,INSILCO
2020-09-14,INTELLECT
2020-09-14,IOB
2020-09-14,IOC
2020-09-14,IONEXCHANG
2020-09-14,IPCALAB
2020-09-14,IPRINGS
2020-09-14,IRCON
2020-09-14,IRCTC
2020-09-14,ISMT
2020-09-14,ITC
2020-09-14,ITDC
2020-09-14,ITI
2020-09-14,ITIETF
2020-09-14,ITWSIGNO
2020-09-14,JAGRAN
2020-09-14,JAICORPLTD
2020-09-14,JBCHEPHARM
2020-09-14,JBMA
2020-09-14,JGCHEM
2020-09-14,JINDALPHOT
2020-09-14,JINDALSAW
2020-09-14,JINDALSTEL
2020-09-14,JKCEMENT
2020-09-14,JKPAPER
2020-09-14,JKTYRE
2020-09-14,JSL
2020-09-14,JTEKTINDIA
2020-09-14,JUBLFOOD
2020-09-14,JUBLINGRY
2020-09-14,KAJARIACER
2020-09-14,KANSAINER
2020-09-14,KARURVYSYA
2020-09-14,KARUTURI
2020-09-14,KEI
2020-09-14,KINETIC
2020-09-14,KMSUGAR
2020-09-14,KNRCON
2020-09-14,KOHINOOR
2020-09-14,KOTAKBANK
2020-09-14,KPEL
2020-09-14,KPITTECH
2020-09-14,KRBL
2020-09-14,KRISHNA
2020-09-14,KSB
2020-09-14,KTKBANK
2020-09-14,KUMARS
2020-09-14,LALPATHLAB
2020-09-14,LAOPALA
2020-09-14,LAURUSLABS
2020-09-14,LEMONTREE
2020-09-14,LICHSGFIN
2020-09-14,LINDEINDIA
2020-09-14,LT
2020-09-14,LTF
2020-09-14,LTTS
2020-09-14,LUPIN
2020-09-14,LUXIND
2020-09-14,M
2020-09-14,M&
2020-09-14,M&M
2020-09-14,MADURA
2020-09-14,MAFATIND
2020-09-14,MAHABANK
2020-09-14,MAHSCOOTER
2020-09-14,MAHSEAMLES
2020-09-14,MALWA
2020-09-14,MARICO
2020-09-14,MARUTI
2020-09-14,MASFIN
2020-09-14,MASTEK
2020-09-14,MATRIX
2020-09-14,MCX
2020-09-14,MERCK
2020-09-14,MERIND
2020-09-14,METROPOLIS
2020-09-14,MFSL
2020-09-14,MGL
2020-09-14,MIDHANI
2020-09-14,MODIXEROX
2020-09-14,MOREPENLAB
2020-09-14,MOTHERSON
2020-09-14,MOTHERSUMI
2020-09-14,MPHASIS
2020-09-14,MRF
2020-09-14,MRPL
2020-09-14,NAGARFERT
2020-09-14,NAHAR
2020-09-14,NAHARPOLY
2020-09-14,NAHARSPING
2020-09-14,NAM-INDIA
2020-09-14,NATCOPHARM
2020-09-14,NATIONAL
2020-09-14,NATIONALUM
2020-09-14,NAVA
2020-09-14,NAVINFLUOR
2020-09-14,NCC
2020-09-14,NESCO
2020-09-14,NESTLEIND
2020-09-14,NFL
2020-09-14,NH
2020-09-14,NIACL
2020-09-14,NILKAMAL
2020-09-14,NIRMA
2020-09-14,NITCO
2020-09-14,NLCINDIA
2020-09-14,NMDC
2020-09-14,NTPC
2020-09-14,OFSS
2020-09-14,OILCOUNTUB
2020-09-14,OLECTRA
2020-09-14,OMAXAUTO
2020-09-14,OMAXE
2020-09-14,ONELIFECAP
2020-09-14,ONGC
2020-09-14,ONIDA
2020-09-14,ORIENTCEM
2020-09-14,ORIENTELEC
2020-09-14,PATANJALI
2020-09-14,PATNI
2020-09-14,PATSPIN
2020-09-14,PCBL
2020-09-14,PDMJEPAPER
2020-09-14,PEL
2020-09-14,PENTAFOUR
2020-09-14,PENTAMEDIA
2020-09-14,PERSISTENT
2020-09-14,PETRONET
2020-09-14,PFIZER
2020-09-14,PGHL
2020-09-14,PHIL
2020-09-14,PHILIPS
2020-09-14,PHOENIX
2020-09-14,PIDILITIND
2020-09-14,PNB
2020-09-14,POLYCAB
2020-09-14,POLYMED
2020-09-14,POONAWALLA
2020-09-14,PRAJIND
2020-09-14,PREMIERENE
2020-09-14,PRESTIGE
2020-09-14,PSIDATA
2020-09-14,PUNJABCHEM
2020-09-14,PUNJTRACT
2020-09-14,QUESS
2020-09-14,RAASI
2020-09-14,RAIN
2020-09-14,RAJESHEXPO
2020-09-14,RALLIS
2020-09-14,RAMCOCEM
2020-09-14,RATNAMANI
2020-09-14,RAYMOND
2020-09-14,RBLBANK
2020-09-14,RCF
2020-09-14,RECKITT
2020-09-14,RECLTD
2020-09-14,REIAGRO
2020-09-14,RELAXO
2020-09-14,RELIANCE
2020-09-14,RELMEDIA
2020-09-14,RITES
2020-09-14,RPGTRANS
2020-09-14,RSWM
2020-09-14,RVNL
2020-09-14,SAIL
2020-09-14,SANGHI
2020-09-14,SANOFI
2020-09-14,SAREGAMA
2020-09-14,SBICARD
2020-09-14,SBILIFE
2020-09-14,SCHAEFFLER
2020-09-14,SCHENECT
2020-09-14,SCHNEIDER
2020-09-14,SCI
2020-09-14,SCILAL
2020-09-14,SEQUENT
2020-09-14,SESASTERL
2020-09-14,SESHAPAPER
2020-09-14,SFL
2020-09-14,SHAWWALLA
2020-09-14,SHOPERSTOP
2020-09-14,SHREECEM
2020-09-14,SHRIRAMFIN
2020-09-14,SHYAMTEL
2020-09-14,SIEMENS
2020-09-14,SIS
2020-09-14,SJVN
2020-09-14,SKFINDIA
2020-09-14,SKSMICRO
2020-09-14,SOLARINDS
2020-09-14,SONATSOFTW
2020-09-14,SOUTHBANK
2020-09-14,SPARC
2020-09-14,SPICEJET
2020-09-14,SRF
2020-09-14,STAR
2020-09-14,STARCEMENT
2020-09-14,STYROLUT
2020-09-14,SUMICHEM
2020-09-14,SUNDARMFIN
2020-09-14,SUNDRMFAST
2020-09-14,SUNPHARMA
2020-09-14,SUPRAJIT
2020-09-14,SUPREMEIND
2020-09-14,SWSOLAR
2020-09-14,SYMPHONY
2020-09-14,SYNGENE
2020-09-14,TAKE
2020-09-14,TATACOMM
2020-09-14,TATACONSUM
2020-09-14,TATAELXSI
2020-09-14,TATAINVEST
2020-09-14,TATAMETAL
2020-09-14,TATAMOTORS
2020-09-14,TATAPOWER
2020-09-14,TATASTEEL
2020-09-14,TCIEXP
2020-09-14,TCNSCLOTH
2020-09-14,TCS
2020-09-14,TEAMLEASE
2020-09-14,THERMAX
2020-09-14,THIRU
2020-09-14,THYROCARE
2020-09-14,TIINDIA
2020-09-14,TIMETECHNO
2020-09-14,TIMEX
2020-09-14,TIMKEN
2020-09-14,TITAN
2020-09-14,TMCV
2020-09-14,TORNTPHARM
2020-09-14,TORNTPOWER
2020-09-14,TRANSPEK
2020-09-14,TRENT
2020-09-14,TRIDENT
2020-09-14,TTKPRESTIG
2020-09-14,TVTODAY
2020-09-14,UBL
2020-09-14,UCALFUEL
2020-09-14,UFLEX
2020-09-14,UJJIVAN
2020-09-14,ULTRACEMCO
2020-09-14,UNIONBANK
2020-09-14,UNOMINDA
2020-09-14,URBANCO
2020-09-14,VARROC
2020-09-14,VARUN
2020-09-14,VBL
2020-09-14,VENKEYS
2020-09-14,VESUVIUS
2020-09-14,VISHAL
2020-09-14,VMART
2020-09-14,VOLTAS
2020-09-14,VTL
2020-09-14,WELENT
2020-09-14,WESTLIFE
2020-09-14,WIDIA
2020-09-14,WIMCO
2020-09-14,WINDMACH
2020-09-14,WIPRO
2020-09-14,WOCKPHARMA
2020-09-14,WSI
2020-09-14,WSTCSTPAPR
2020-09-14,ZENSARTECH
2020-09-14,ZYDUSWELL
2020-09-30,3MINDIA
2020-09-30,AARTIIND
2020-09-30,AAVAS
2020-09-30,ABB
2020-09-30,ABBOTINDIA
2020-09-30,ABCAPITAL
2020-09-30,ABREL
2020-09-30,ACC
2020-09-30,ADANIENSOL
2020-09-30,ADANIPOWER
2020-09-30,ADVENZYMES
2020-09-30,AEGISLOG
2020-09-30,AFFLE
2020-09-30,AGCNETWO
2020-09-30,AIAENG
2020-09-30,AKZOINDIA
2020-09-30,ALKEM
2020-09-30,ALLCARGO
2020-09-30,ALTOS
2020-09-30,AMBALAL
2020-09-30,AMBER
2020-09-30,AMBUJACEM
2020-09-30,APLAPOLLO
2020-09-30,APOLLOHOSP
2020-09-30,APOLLOTYRE
2020-09-30,APPAPER
2020-09-30,APPLE
2020-09-30,ARVIND
2020-09-30,ASHOKLEY
2020-09-30,ASIANPAINT
2020-09-30,ASTERDM
2020-09-30,ASTRAZENCA
2020-09-30,ATGL
2020-09-30,ATUL
2020-09-30,ATULAUTO
2020-09-30,AUBANK
2020-09-30,AVANTIFEED
2020-09-30,AVERY
2020-09-30,AXISBANK
2020-09-30,BAJAJ
2020-09-30,BAJAJ-AUTO
2020-09-30,BAJAJHLDNG
2020-09-30,BAJFINANCE
2020-09-30,BALMLAWRIE
2020-09-30,BALRAMCHIN
2020-09-30,BANKBARODA
2020-09-30,BASF
2020-09-30,BATAINDIA
2020-09-30,BAYERCROP
2020-09-30,BBTC
2020-09-30,BDL
2020-09-30,BEL
2020-09-30,BEML
2020-09-30,BERGEPAINT
2020-09-30,BHARATFORG
2020-09-30,BHARTIARTL
2020-09-30,BHEL
2020-09-30,BI
2020-09-30,BIOCON
2020-09-30,BIRLACORPN
2020-09-30,BLISSGVS
2020-09-30,BLUEDART
2020-09-30,BLUESTARCO
2020-09-30,BOMDYEING
2020-09-30,BOSCH-HCIL
2020-09-30,BOSCHLTD
2020-09-30,BPCL
2020-09-30,BRIGADE
2020-09-30,BRITANNIA
2020-09-30,BSE
2020-09-30,BSOFT
2020-09-30,CABLE
2020-09-30,CANBK
2020-09-30,CANFINHOME
2020-09-30,CAPLIN
2020-09-30,CASTROLIND
2020-09-30,CCL
2020-09-30,CDSL
2020-09-30,CEATLTD
2020-09-30,CENTRALBK
2020-09-30,CENTURYTEX
2020-09-30,CERA
2020-09-30,CESC
2020-09-30,CGCL
2020-09-30,CHAMBLFERT
2020-09-30,CHEMINOR
2020-09-30,CHENNPETRO
2020-09-30,CHETTINAD
2020-09-30,CHOLAFIN
2020-09-30,CHOLAHLDNG
2020-09-30,CIPLA
2020-09-30,CMC
2020-09-30,COALINDIA
2020-09-30,COCHINSHIP
2020-09-30,COFORGE
2020-09-30,COLPAL
2020-09-30,CONCOR
2020-09-30,CONSOFINVT
2020-09-30,COROMANDEL
2020-09-30,CREDITACC
2020-09-30,CRISIL
2020-09-30,CROMPTON
2020-09-30,CSBBANK
2020-09-30,CUB
2020-09-30,CUMMINSIND
2020-09-30,CYBERTECH
2020-09-30,DABUR
2020-09-30,DALMIASUG
2020-09-30,DBCORP
2020-09-30,DBL
2020-09-30,DCAL
2020-09-30,DCLPOLYE
2020-09-30,DCW
2020-09-30,DEEPAKFERT
2020-09-30,DEEPAKNTR
2020-09-30,DHAMPURSUG
2020-09-30,DICIND
2020-09-30,DIGJAMLMTD
2020-09-30,DISHTV
2020-09-30,DLF
2020-09-30,DMART
2020-09-30,DRREDDY
2020-09-30,DSQSOFTW
2020-09-30,ECLERX
2020-09-30,EICHERMOT
2020-09-30,EIDPARRY
2020-09-30,EIHOTEL
2020-09-30,ELECON
2020-09-30,ELGIEQUIP
2020-09-30,ELGIRUBCO
2020-09-30,ENDURANCE
2020-09-30,ENERGY
2020-09-30,ENGINERSIN
2020-09-30,ERIS
2020-09-30,ESABINDIA
2020-09-30,ESCORTS
2020-09-30,ESSAR
2020-09-30,EXCELINDUS
2020-09-30,EXIDEIND
2020-09-30,FACT
2020-09-30,FDC
2020-09-30,FEDERALBNK
2020-09-30,FINCABLES
2020-09-30,FLUOROCHEM
2020-09-30,FORTIS
2020-09-30,FOSECOIND
2020-09-30,FULFORD
2020-09-30,GAEL
2020-09-30,GAIL
2020-09-30,GALAXYSURF
2020-09-30,GANESHBE
2020-09-30,GARDEN
2020-09-30,GARWARE
2020-09-30,GESHIP
2020-09-30,GHCL
2020-09-30,GICRE
2020-09-30,GILLETTE
2020-09-30,GLAXO
2020-09-30,GLENMARK
2020-09-30,GLFL
2020-09-30,GMDCLTD
2020-09-30,GMMPFAUDLR
2020-09-30,GNFC
2020-09-30,GODFRYPHLP
2020-09-30,GODREJAGRO
2020-09-30,GODREJCP
2020-09-30,GODREJIND
2020-09-30,GOKEX
2020-09-30,GOODRICKE
2020-09-30,GOODYEAR
2020-09-30,GPPL
2020-09-30,GRANULES
2020-09-30,GRAPHITE
2020-09-30,GRASIM
2020-09-30,GREAVESCOT
2020-09-30,GRINDWELL
2020-09-30,GSFC
2020-09-30,GSPL
2020-09-30,GUJALKALI
2020-09-30,GUJGASLTD
2020-09-30,GVT&D
2020-09-30,HAL
2020-09-30,HARRMALAYA
2020-09-30,HATHWAY
2020-09-30,HATSUN
2020-09-30,HAVELLS
2020-09-30,HCLTECH
2020-09-30,HDFC
2020-09-30,HDFCAMC
2020-09-30,HDFCBANK
2020-09-30,HDFCLIFE
2020-09-30,HEALTHCARE
2020-09-30,HEG
2020-09-30,HEIDELBERG
2020-09-30,HERBERTS
2020-09-30,HERITGFOOD
2020-09-30,HEROMOTOCO
2020-09-30,HEXT
2020-09-30,HIMACHAL
2020-09-30,HIMATSEIDE
2020-09-30,HINDALCO
2020-09-30,HINDCOPPER
2020-09-30,HINDPETRO
2020-09-30,HINDSYNTEX
2020-09-30,HINDUNILVR
2020-09-30,HINDUSTAN
2020-09-30,HINDZINC
2020-09-30,HOGANAS
2020-09-30,HONAUT
2020-09-30,HSCL
2020-09-30,HUBTOWN
2020-09-30,IBREALEST
2020-09-30,IBVENTURES
2020-09-30,ICICI
2020-09-30,ICICIBANK
2020-09-30,ICICIGI
2020-09-30,ICICIPRULI
2020-09-30,ICRA
2020-09-30,IDBI
2020-09-30,IDFCFIRSTB
2020-09-30,IFBIND
2020-09-30,IFCI
2020-09-30,IGL
2020-09-30,IIFL
2020-09-30,INDHOTEL
2020-09-30,INDIACEM
2020-09-30,INDIAGLYCO
2020-09-30,INDIAMART
2020-09-30,INDIANB
2020-09-30,INDIGO
2020-09-30,INDOCO
2020-09-30,INDUSINDBK
2020-09-30,INDUSTOWER
2020-09-30,INFIBEAM
2020-09-30,INFY
2020-09-30,INGERRAND
2020-09-30,INSILCO
2020-09-30,INTELLECT
2020-09-30,IOB
2020-09-30,IOC
2020-09-30,IONEXCHANG
2020-09-30,IPCALAB
2020-09-30,IPRINGS
2020-09-30,IRCON
2020-09-30,IRCTC
2020-09-30,ISMT
2020-09-30,ITC
2020-09-30,ITDC
2020-09-30,ITI
2020-09-30,ITIETF
2020-09-30,ITWSIGNO
2020-09-30,JAGRAN
2020-09-30,JAICORPLTD
2020-09-30,JBCHEPHARM
2020-09-30,JBMA
2020-09-30,JGCHEM
2020-09-30,JINDALPHOT
2020-09-30,JINDALSAW
2020-09-30,JINDALSTEL
2020-09-30,JKCEMENT
2020-09-30,JKPAPER
2020-09-30,JKTYRE
2020-09-30,JSL
2020-09-30,JUBLFOOD
2020-09-30,JUBLINGRY
2020-09-30,KAJARIACER
2020-09-30,KANSAINER
2020-09-30,KARURVYSYA
2020-09-30,KARUTURI
2020-09-30,KEI
2020-09-30,KINETIC
2020-09-30,KMSUGAR
2020-09-30,KNRCON
2020-09-30,KOHINOOR
2020-09-30,KOTAKBANK
2020-09-30,KPEL
2020-09-30,KPITTECH
2020-09-30,KRBL
2020-09-30,KRISHNA
2020-09-30,KSB
2020-09-30,KTKBANK
2020-09-30,KUMARS
2020-09-30,LALPATHLAB
2020-09-30,LAOPALA
2020-09-30,LAURUSLABS
2020-09-30,LEMONTREE
2020-09-30,LICHSGFIN
2020-09-30,LINDEINDIA
2020-09-30,LT
2020-09-30,LTF
2020-09-30,LTTS
2020-09-30,LUPIN
2020-09-30,LUXIND
2020-09-30,M
2020-09-30,M&
2020-09-30,M&M
2020-09-30,MADURA
2020-09-30,MAFATIND
2020-09-30,MAHABANK
2020-09-30,MAHSCOOTER
2020-09-30,MAHSEAMLES
2020-09-30,MALWA
2020-09-30,MARICO
2020-09-30,MARUTI
2020-09-30,MASFIN
2020-09-30,MASTEK
2020-09-30,MATRIX
2020-09-30,MCX
2020-09-30,MERCK
2020-09-30,MERIND
2020-09-30,METROPOLIS
2020-09-30,MFSL
2020-09-30,MGL
2020-09-30,MIDHANI
2020-09-30,MODIXEROX
2020-09-30,MOREPENLAB
2020-09-30,MOTHERSON
2020-09-30,MOTHERSUMI
2020-09-30,MPHASIS
2020-09-30,MRF
2020-09-30,MRPL
2020-09-30,NAGARFERT
2020-09-30,NAHAR
2020-09-30,NAHARPOLY
2020-09-30,NAHARSPING
2020-09-30,NAM-INDIA
2020-09-30,NATCOPHARM
2020-09-30,NATIONAL
2020-09-30,NATIONALUM
2020-09-30,NAVA
2020-09-30,NAVINFLUOR
2020-09-30,NCC
2020-09-30,NESCO
2020-09-30,NESTLEIND
2020-09-30,NFL
2020-09-30,NH
2020-09-30,NIACL
2020-09-30,NILKAMAL
2020-09-30,NIRMA
2020-09-30,NITCO
2020-09-30,NLCINDIA
2020-09-30,NMDC
2020-09-30,NTPC
2020-09-30,OFSS
2020-09-30,OILCOUNTUB
2020-09-30,OLECTRA
2020-09-30,OMAXAUTO
2020-09-30,OMAXE
2020-09-30,ONELIFECAP
2020-09-30,ONGC
2020-09-30,ONIDA
2020-09-30,ORIENTCEM
2020-09-30,ORIENTELEC
2020-09-30,PATANJALI
2020-09-30,PATNI
2020-09-30,PATSPIN
2020-09-30,PCBL
2020-09-30,PDMJEPAPER
2020-09-30,PEL
2020-09-30,PENTAFOUR
2020-09-30,PENTAMEDIA
2020-09-30,PERSISTENT
2020-09-30,PETRONET
2020-09-30,PFIZER
2020-09-30,PGHL
2020-09-30,PHIL
2020-09-30,PHILIPS
2020-09-30,PHOENIX
2020-09-30,PIDILITIND
2020-09-30,PNB
2020-09-30,POLYCAB
2020-09-30,POLYMED
2020-09-30,POONAWALLA
2020-09-30,PRAJIND
2020-09-30,PREMIERENE
2020-09-30,PRESTIGE
2020-09-30,PSIDATA
2020-09-30,PUNJABCHEM
2020-09-30,PUNJTRACT
2020-09-30,QUESS
2020-09-30,RAASI
2020-09-30,RAIN
2020-09-30,RAJESHEXPO
2020-09-30,RALLIS
2020-09-30,RAMCOCEM
2020-09-30,RATNAMANI
2020-09-30,RAYMOND
2020-09-30,RBLBANK
2020-09-30,RCF
2020-09-30,RECKITT
2020-09-30,RECLTD
2020-09-30,REIAGRO
2020-09-30,RELAXO
2020-09-30,RELIANCE
2020-09-30,RELMEDIA
2020-09-30,RITES
2020-09-30,ROSSARI
2020-09-30,ROUTE
2020-09-30,RPGTRANS
2020-09-30,RSWM
2020-09-30,RVNL
2020-09-30,SAIL
2020-09-30,SANGHI
2020-09-30,SANOFI
2020-09-30,SAREGAMA
2020-09-30,SBICARD
2020-09-30,SBILIFE
2020-09-30,SCHAEFFLER
2020-09-30,SCHENECT
2020-09-30,SCHNEIDER
2020-09-30,SCI
2020-09-30,SCILAL
2020-09-30,SEQUENT
2020-09-30,SESASTERL
2020-09-30,SESHAPAPER
2020-09-30,SFL
2020-09-30,SHAWWALLA
2020-09-30,SHOPERSTOP
2020-09-30,SHREECEM
2020-09-30,SHRIRAMFIN
2020-09-30,SHYAMTEL
2020-09-30,SIEMENS
2020-09-30,SIS
2020-09-30,SJVN
2020-09-30,SKFINDIA
2020-09-30,SKSMICRO
2020-09-30,SOLARINDS
2020-09-30,SONATSOFTW
2020-09-30,SOUTHBANK
2020-09-30,SPARC
2020-09-30,SPICEJET
2020-09-30,SRF
2020-09-30,STAR
2020-09-30,STARCEMENT
2020-09-30,STYROLUT
2020-09-30,SUMICHEM
2020-09-30,SUNDARMFIN
2020-09-30,SUNDRMFAST
2020-09-30,SUNPHARMA
2020-09-30,SUPRAJIT
2020-09-30,SUPREMEIND
2020-09-30,SWSOLAR
2020-09-30,SYMPHONY
2020-09-30,SYNGENE
2020-09-30,TAKE
2020-09-30,TATACOMM
2020-09-30,TATACONSUM
2020-09-30,TATAELXSI
2020-09-30,TATAINVEST
2020-09-30,TATAMETAL
2020-09-30,TATAMOTORS
2020-09-30,TATAPOWER
2020-09-30,TATASTEEL
2020-09-30,TCIEXP
2020-09-30,TCNSCLOTH
2020-09-30,TCS
2020-09-30,TEAMLEASE
2020-09-30,THERMAX
2020-09-30,THIRU
2020-09-30,THYROCARE
2020-09-30,TIINDIA
2020-09-30,TIMETECHNO
2020-09-30,TIMEX
2020-09-30,TIMKEN
2020-09-30,TITAN
2020-09-30,TMCV
2020-09-30,TORNTPHARM
2020-09-30,TORNTPOWER
2020-09-30,TRANSPEK
2020-09-30,TRENT
2020-09-30,TRIDENT
2020-09-30,TTKPRESTIG
2020-09-30,TVTODAY
2020-09-30,UBL
2020-09-30,UCALFUEL
2020-09-30,UFLEX
2020-09-30,UJJIVAN
2020-09-30,ULTRACEMCO
2020-09-30,UNIONBANK
2020-09-30,UNOMINDA
2020-09-30,URBANCO
2020-09-30,VARROC
2020-09-30,VARUN
2020-09-30,VBL
2020-09-30,VENKEYS
2020-09-30,VESUVIUS
2020-09-30,VISHAL
2020-09-30,VMART
2020-09-30,VOLTAS
2020-09-30,VTL
2020-09-30,WELENT
2020-09-30,WESTLIFE
2020-09-30,WIDIA
2020-09-30,WIMCO
2020-09-30,WINDMACH
2020-09-30,WIPRO
2020-09-30,WOCKPHARMA
2020-09-30,WSI
2020-09-30,WSTCSTPAPR
2020-09-30,ZENSARTECH
2020-09-30,ZYDUSWELL
2021-03-31,3MINDIA
2021-03-31,AARTIIND
2021-03-31,AAVAS
2021-03-31,ABB
2021-03-31,ABBOTINDIA
2021-03-31,ABCAPITAL
2021-03-31,ABREL
2021-03-31,ACC
2021-03-31,ADANIENSOL
2021-03-31,ADANIPOWER
2021-03-31,ADVENZYMES
2021-03-31,AEGISLOG
2021-03-31,AFFLE
2021-03-31,AGCNETWO
2021-03-31,AIAENG
2021-03-31,AKZOINDIA
2021-03-31,ALKEM
2021-03-31,ALLCARGO
2021-03-31,ALTOS
2021-03-31,AMBALAL
2021-03-31,AMBER
2021-03-31,AMBUJACEM
2021-03-31,APLAPOLLO
2021-03-31,APOLLOHOSP
2021-03-31,APOLLOTYRE
2021-03-31,APPAPER
2021-03-31,APPLE
2021-03-31,ARVIND
2021-03-31,ASHOKLEY
2021-03-31,ASIANPAINT
2021-03-31,ASTERDM
2021-03-31,ASTRAZENCA
2021-03-31,ATGL
2021-03-31,ATUL
2021-03-31,ATULAUTO
2021-03-31,AUBANK
2021-03-31,AVANTIFEED
2021-03-31,AVERY
2021-03-31,AXISBANK
2021-03-31,BAJAJ
2021-03-31,BAJAJ-AUTO
2021-03-31,BAJAJHLDNG
2021-03-31,BAJFINANCE
2021-03-31,BALMLAWRIE
2021-03-31,BALRAMCHIN
2021-03-31,BANKBARODA
2021-03-31,BASF
2021-03-31,BATAINDIA
2021-03-31,BAYERCROP
2021-03-31,BBTC
2021-03-31,BDL
2021-03-31,BEL
2021-03-31,BEML
2021-03-31,BERGEPAINT
2021-03-31,BHARATFORG
2021-03-31,BHARTIARTL
2021-03-31,BHEL
2021-03-31,BI
2021-03-31,BIOCON
2021-03-31,BIRLACORPN
2021-03-31,BLISSGVS
2021-03-31,BLUEDART
2021-03-31,BLUESTARCO
2021-03-31,BOMDYEING
2021-03-31,BOSCH-HCIL
2021-03-31,BOSCHLTD
2021-03-31,BPCL
2021-03-31,BRIGADE
2021-03-31,BRITANNIA
2021-03-31,BSE
2021-03-31,BSOFT
2021-03-31,BURGER
2021-03-31,CABLE
2021-03-31,CANBK
2021-03-31,CANFINHOME
2021-03-31,CAPLIN
2021-03-31,CASTROLIND
2021-03-31,CCL
2021-03-31,CDSL
2021-03-31,CEATLTD
2021-03-31,CENTRALBK
2021-03-31,CENTURYTEX
2021-03-31,CERA
2021-03-31,CESC
2021-03-31,CGCL
2021-03-31,CHAMBLFERT
2021-03-31,CHEMINOR
2021-03-31,CHENNPETRO
2021-03-31,CHETTINAD
2021-03-31,CHOLAFIN
2021-03-31,CHOLAHLDNG
2021-03-31,CIPLA
2021-03-31,CMC
2021-03-31,COALINDIA
2021-03-31,COCHINSHIP
2021-03-31,COFORGE
2021-03-31,COLPAL
2021-03-31,CONCOR
2021-03-31,CONSOFINVT
2021-03-31,COROMANDEL
2021-03-31,CREDITACC
2021-03-31,CRISIL
2021-03-31,CROMPTON
2021-03-31,CSBBANK
2021-03-31,CUB
2021-03-31,CUMMINSIND
2021-03-31,CYBERTECH
2021-03-31,DABUR
2021-03-31,DALMIASUG
2021-03-31,DBCORP
2021-03-31,DBL
2021-03-31,DCAL
2021-03-31,DCLPOLYE
2021-03-31,DCW
2021-03-31,DEEPAKFERT
2021-03-31,DEEPAKNTR
2021-03-31,DHAMPURSUG
2021-03-31,DICIND
2021-03-31,DIGJAMLMTD
2021-03-31,DISHTV
2021-03-31,DLF
2021-03-31,DMART
2021-03-31,DRREDDY
2021-03-31,DSQSOFTW
2021-03-31,ECLERX
2021-03-31,EICHERMOT
2021-03-31,EIDPARRY
2021-03-31,EIHOTEL
2021-03-31,ELECON
2021-03-31,ELGIEQUIP
2021-03-31,ELGIRUBCO
2021-03-31,ENDURANCE
2021-03-31,ENERGY
2021-03-31,ENGINERSIN
2021-03-31,ERIS
2021-03-31,ESABINDIA
2021-03-31,ESCORTS
2021-03-31,ESSAR
2021-03-31,EXCELINDUS
2021-03-31,EXIDEIND
2021-03-31,FACT
2021-03-31,FDC
2021-03-31,FEDERALBNK
2021-03-31,FINCABLES
2021-03-31,FLUOROCHEM
2021-03-31,FORTIS
2021-03-31,FOSECOIND
2021-03-31,FULFORD
2021-03-31,GAEL
2021-03-31,GAIL
2021-03-31,GALAXYSURF
2021-03-31,GANESHBE
2021-03-31,GARDEN
2021-03-31,GARWARE
2021-03-31,GESHIP
2021-03-31,GHCL
2021-03-31,GICRE
2021-03-31,GILLETTE
2021-03-31,GLAND
2021-03-31,GLAXO
2021-03-31,GLENMARK
2021-03-31,GLFL
2021-03-31,GMDCLTD
2021-03-31,GMMPFAUDLR
2021-03-31,GNFC
2021-03-31,GODFRYPHLP
2021-03-31,GODREJAGRO
2021-03-31,GODREJCP
2021-03-31,GODREJIND
2021-03-31,GOKEX
2021-03-31,GOODRICKE
2021-03-31,GOODYEAR
2021-03-31,GPPL
2021-03-31,GRANULES
2021-03-31,GRAPHITE
2021-03-31,GRASIM
2021-03-31,GREAVESCOT
2021-03-31,GRINDWELL
2021-03-31,GSFC
2021-03-31,GSPL
2021-03-31,GUJALKALI
2021-03-31,GUJGASLTD
2021-03-31,GVT&D
2021-03-31,HAL
2021-03-31,HARRMALAYA
2021-03-31,HATHWAY
2021-03-31,HATSUN
2021-03-31,HAVELLS
2021-03-31,HCLTECH
2021-03-31,HDFC
2021-03-31,HDFCAMC
2021-03-31,HDFCBANK
2021-03-31,HDFCLIFE
2021-03-31,HEALTHCARE
2021-03-31,HEG
2021-03-31,HEIDELBERG
2021-03-31,HERBERTS
2021-03-31,HERITGFOOD
2021-03-31,HEROMOTOCO
2021-03-31,HEXT
2021-03-31,HIMACHAL
2021-03-31,HIMATSEIDE
2021-03-31,HINDALCO
2021-03-31,HINDCOPPER
2021-03-31,HINDPETRO
2021-03-31,HINDSYNTEX
2021-03-31,HINDUNILVR
2021-03-31,HINDUSTAN
2021-03-31,HINDZINC
2021-03-31,HOGANAS
2021-03-31,HONAUT
2021-03-31,HSCL
2021-03-31,HUBTOWN
2021-03-31,IBREALEST
2021-03-31,IBVENTURES
2021-03-31,ICICI
2021-03-31,ICICIBANK
2021-03-31,ICICIGI
2021-03-31,ICICIPRULI
2021-03-31,ICRA
2021-03-31,IDBI
2021-03-31,IDFCFIRSTB
2021-03-31,IFBIND
2021-03-31,IFCI
2021-03-31,IGL
2021-03-31,IIFL
2021-03-31,INDHOTEL
2021-03-31,INDIACEM
2021-03-31,INDIAGLYCO
2021-03-31,INDIAMART
2021-03-31,INDIANB
2021-03-31,INDIGO
2021-03-31,INDOCO
2021-03-31,INDUSINDBK
2021-03-31,INDUSTOWER
2021-03-31,INFIBEAM
2021-03-31,INFY
2021-03-31,INGERRAND
2021-03-31,INSILCO
2021-03-31,INTELLECT
2021-03-31,IOB
2021-03-31,IOC
2021-03-31,IONEXCHANG
2021-03-31,IPCALAB
2021-03-31,IPRINGS
2021-03-31,IRCON
2021-03-31,IRCTC
2021-03-31,ISMT
2021-03-31,ITC
2021-03-31,ITDC
2021-03-31,ITI
2021-03-31,ITIETF
2021-03-31,ITWSIGNO
2021-03-31,JAGRAN
2021-03-31,JAICORPLTD
2021-03-31,JBCHEPHARM
2021-03-31,JBMA
2021-03-31,JGCHEM
2021-03-31,JINDALPHOT
2021-03-31,JINDALSAW
2021-03-31,JINDALSTEL
2021-03-31,JKCEMENT
2021-03-31,JKPAPER
2021-03-31,JKTYRE
2021-03-31,JSL
2021-03-31,JUBLFOOD
2021-03-31,JUBLINGRY
2021-03-31,KAJARIACER
2021-03-31,KANSAINER
2021-03-31,KARURVYSYA
2021-03-31,KARUTURI
2021-03-31,KEI
2021-03-31,KINETIC
2021-03-31,KMSUGAR
2021-03-31,KNRCON
2021-03-31,KOHINOOR
2021-03-31,KOTAKBANK
2021-03-31,KPEL
2021-03-31,KPITTECH
2021-03-31,KRBL
2021-03-31,KRISHNA
2021-03-31,KSB
2021-03-31,KTKBANK
2021-03-31,KUMARS
2021-03-31,LALPATHLAB
2021-03-31,LAOPALA
2021-03-31,LAURUSLABS
2021-03-31,LEMONTREE
2021-03-31,LICHSGFIN
2021-03-31,LINDEINDIA
2021-03-31,LT
2021-03-31,LTF
2021-03-31,LTTS
2021-03-31,LUPIN
2021-03-31,LUXIND
2021-03-31,M
2021-03-31,M&
2021-03-31,M&M
2021-03-31,MADURA
2021-03-31,MAFATIND
2021-03-31,MAHABANK
2021-03-31,MAHSCOOTER
2021-03-31,MAHSEAMLES
2021-03-31,MALWA
2021-03-31,MARICO
2021-03-31,MARUTI
2021-03-31,MASFIN
2021-03-31,MASTEK
2021-03-31,MATRIX
2021-03-31,MCX
2021-03-31,MERCK
2021-03-31,MERIND
2021-03-31,METROPOLIS
2021-03-31,MFSL
2021-03-31,MGL
2021-03-31,MIDHANI
2021-03-31,MODIXEROX
2021-03-31,MOREPENLAB
2021-03-31,MOTHERSON
2021-03-31,MOTHERSUMI
2021-03-31,MPHASIS
2021-03-31,MRF
2021-03-31,MRPL
2021-03-31,NAGARFERT
2021-03-31,NAHAR
2021-03-31,NAHARPOLY
2021-03-31,NAHARSPING
2021-03-31,NAM-INDIA
2021-03-31,NATCOPHARM
2021-03-31,NATIONAL
2021-03-31,NATIONALUM
2021-03-31,NAVA
2021-03-31,NAVINFLUOR
2021-03-31,NCC
2021-03-31,NESCO
2021-03-31,NESTLEIND
2021-03-31,NFL
2021-03-31,NH
2021-03-31,NIACL
2021-03-31,NILKAMAL
2021-03-31,NIRMA
2021-03-31,NITCO
2021-03-31,NLCINDIA
2021-03-31,NMDC
2021-03-31,NTPC
2021-03-31,OFSS
2021-03-31,OILCOUNTUB
2021-03-31,OLECTRA
2021-03-31,OMAXAUTO
2021-03-31,OMAXE
2021-03-31,ONELIFECAP
2021-03-31,ONGC
2021-03-31,ONIDA
2021-03-31,ORIENTCEM
2021-03-31,ORIENTELEC
2021-03-31,PATANJALI
2021-03-31,PATNI
2021-03-31,PATSPIN
2021-03-31,PCBL
2021-03-31,PDMJEPAPER
2021-03-31,PEL
2021-03-31,PENTAFOUR
2021-03-31,PENTAMEDIA
2021-03-31,PERSISTENT
2021-03-31,PETRONET
2021-03-31,PFIZER
2021-03-31,PGHL
2021-03-31,PHIL
2021-03-31,PHILIPS
2021-03-31,PHOENIX
2021-03-31,PIDILITIND
2021-03-31,PNB
2021-03-31,POLYCAB
2021-03-31,POLYMED
2021-03-31,POONAWALLA
2021-03-31,PRAJIND
2021-03-31,PREMIERENE
2021-03-31,PRESTIGE
2021-03-31,PSIDATA
2021-03-31,PUNJABCHEM
2021-03-31,PUNJTRACT
2021-03-31,QUESS
2021-03-31,RAASI
2021-03-31,RAIN
2021-03-31,RAJESHEXPO
2021-03-31,RALLIS
2021-03-31,RAMCOCEM
2021-03-31,RATNAMANI
2021-03-31,RAYMOND
2021-03-31,RBLBANK
2021-03-31,RCF
2021-03-31,RECKITT
2021-03-31,RECLTD
2021-03-31,REIAGRO
2021-03-31,RELAXO
2021-03-31,RELMEDIA
2021-03-31,RITES
2021-03-31,ROSSARI
2021-03-31,ROUTE
2021-03-31,RPGTRANS
2021-03-31,RSWM
2021-03-31,RVNL
2021-03-31,SAIL
2021-03-31,SANGHI
2021-03-31,SANOFI
2021-03-31,SAREGAMA
2021-03-31,SBICARD
2021-03-31,SBILIFE
2021-03-31,SCHAEFFLER
2021-03-31,SCHENECT
2021-03-31,SCHNEIDER
2021-03-31,SCI
2021-03-31,SCILAL
2021-03-31,SEQUENT
2021-03-31,SESASTERL
2021-03-31,SESHAPAPER
2021-03-31,SFL
2021-03-31,SHAWWALLA
2021-03-31,SHOPERSTOP
2021-03-31,SHREECEM
2021-03-31,SHRIRAMFIN
2021-03-31,SHYAMTEL
2021-03-31,SIEMENS
2021-03-31,SIS
2021-03-31,SJVN
2021-03-31,SKFINDIA
2021-03-31,SKSMICRO
2021-03-31,SOLARINDS
2021-03-31,SONATSOFTW
2021-03-31,SOUTHBANK
2021-03-31,SPARC
2021-03-31,SPICEJET
2021-03-31,SRF
2021-03-31,STAR
2021-03-31,STARCEMENT
2021-03-31,STYROLUT
2021-03-31,SUMICHEM
2021-03-31,SUNDARMFIN
2021-03-31,SUNDRMFAST
2021-03-31,SUNPHARMA
2021-03-31,SUPRAJIT
2021-03-31,SUPREMEIND
2021-03-31,SWSOLAR
2021-03-31,SYMPHONY
2021-03-31,SYNGENE
2021-03-31,TAKE
2021-03-31,TATACOMM
2021-03-31,TATACONSUM
2021-03-31,TATAELXSI
2021-03-31,TATAINVEST
2021-03-31,TATAMETAL
2021-03-31,TATAMOTORS
2021-03-31,TATAPOWER
2021-03-31,TATASTEEL
2021-03-31,TCIEXP
2021-03-31,TCNSCLOTH
2021-03-31,TCS
2021-03-31,TEAMLEASE
2021-03-31,THERMAX
2021-03-31,THIRU
2021-03-31,THYROCARE
2021-03-31,TIINDIA
2021-03-31,TIMETECHNO
2021-03-31,TIMEX
2021-03-31,TIMKEN
2021-03-31,TITAN
2021-03-31,TMCV
2021-03-31,TORNTPHARM
2021-03-31,TORNTPOWER
2021-03-31,TRANSPEK
2021-03-31,TRENT
2021-03-31,TRIDENT
2021-03-31,TTKPRESTIG
2021-03-31,TVTODAY
2021-03-31,UBL
2021-03-31,UCALFUEL
2021-03-31,UFLEX
2021-03-31,UJJIVAN
2021-03-31,ULTRACEMCO
2021-03-31,UNIONBANK
2021-03-31,UNOMINDA
2021-03-31,URBANCO
2021-03-31,VARROC
2021-03-31,VARUN
2021-03-31,VBL
2021-03-31,VENKEYS
2021-03-31,VESUVIUS
2021-03-31,VISHAL
2021-03-31,VMART
2021-03-31,VOLTAS
2021-03-31,VTL
2021-03-31,WELENT
2021-03-31,WESTLIFE
2021-03-31,WIDIA
2021-03-31,WIMCO
2021-03-31,WINDMACH
2021-03-31,WIPRO
2021-03-31,WOCKPHARMA
2021-03-31,WSTCSTPAPR
2021-03-31,ZENSARTECH
2021-03-31,ZYDUSWELL
2021-09-30,3MINDIA
2021-09-30,AARTIIND
2021-09-30,AAVAS
2021-09-30,ABB
2021-09-30,ABBOTINDIA
2021-09-30,ABCAPITAL
2021-09-30,ABREL
2021-09-30,ACC
2021-09-30,ADANIENSOL
2021-09-30,ADANIPOWER
2021-09-30,ADVENZYMES
2021-09-30,AEGISLOG
2021-09-30,AFFLE
2021-09-30,AGCNETWO
2021-09-30,AIAENG
2021-09-30,AKZOINDIA
2021-09-30,ALKEM
2021-09-30,ALLCARGO
2021-09-30,ALTOS
2021-09-30,AMBALAL
2021-09-30,AMBER
2021-09-30,AMBUJACEM
2021-09-30,APLAPOLLO
2021-09-30,APOLLOHOSP
2021-09-30,APOLLOTYRE
2021-09-30,APPAPER
2021-09-30,APPLE
2021-09-30,ARVIND
2021-09-30,ASHOKLEY
2021-09-30,ASIANPAINT
2021-09-30,ASTERDM
2021-09-30,ASTRAZENCA
2021-09-30,ATGL
2021-09-30,ATUL
2021-09-30,ATULAUTO
2021-09-30,AUBANK
2021-09-30,AVANTIFEED
2021-09-30,AVERY
2021-09-30,AXISBANK
2021-09-30,BAJAJ
2021-09-30,BAJAJ-AUTO
2021-09-30,BAJAJHLDNG
2021-09-30,BAJFINANCE
2021-09-30,BALMLAWRIE
2021-09-30,BALRAMCHIN
2021-09-30,BANKBARODA
2021-09-30,BASF
2021-09-30,BATAINDIA
2021-09-30,BAYERCROP
2021-09-30,BBTC
2021-09-30,BDL
2021-09-30,BEL
2021-09-30,BEML
2021-09-30,BERGEPAINT
2021-09-30,BHARATFORG
2021-09-30,BHARTIARTL
2021-09-30,BHEL
2021-09-30,BI
2021-09-30,BIOCON
2021-09-30,BIRLACORPN
2021-09-30,BLISSGVS
2021-09-30,BLUEDART
2021-09-30,BLUESTARCO
2021-09-30,BOMDYEING
2021-09-30,BOSCH-HCIL
2021-09-30,BOSCHLTD
2021-09-30,BPCL
2021-09-30,BRIGADE
2021-09-30,BRITANNIA
2021-09-30,BSE
2021-09-30,BSOFT
2021-09-30,CABLE
2021-09-30,CANBK
2021-09-30,CANFINHOME
2021-09-30,CAPLIN
2021-09-30,CARTRADE
2021-09-30,CASTROLIND
2021-09-30,CCL
2021-09-30,CDSL
2021-09-30,CEATLTD
2021-09-30,CENTRALBK
2021-09-30,CENTURYTEX
2021-09-30,CERA
2021-09-30,CESC
2021-09-30,CGCL
2021-09-30,CHAMBLFERT
2021-09-30,CHEMINOR
2021-09-30,CHENNPETRO
2021-09-30,CHETTINAD
2021-09-30,CHOLAFIN
2021-09-30,CHOLAHLDNG
2021-09-30,CIPLA
2021-09-30,CMC
2021-09-30,COALINDIA
2021-09-30,COCHINSHIP
2021-09-30,COFORGE
2021-09-30,COLPAL
2021-09-30,CONCOR
2021-09-30,CONSOFINVT
2021-09-30,COROMANDEL
2021-09-30,CREDITACC
2021-09-30,CRISIL
2021-09-30,CROMPTON
2021-09-30,CSBBANK
2021-09-30,CUB
2021-09-30,CUMMINSIND
2021-09-30,CYBERTECH
2021-09-30,DABUR
2021-09-30,DALMIASUG
2021-09-30,DBCORP
2021-09-30,DCAL
2021-09-30,DCLPOLYE
2021-09-30,DCW
2021-09-30,DEEPAKFERT
2021-09-30,DEEPAKNTR
2021-09-30,DEVYANI
2021-09-30,DHAMPURSUG
2021-09-30,DICIND
2021-09-30,DIGJAMLMTD
2021-09-30,DISHTV
2021-09-30,DLF
2021-09-30,DMART
2021-09-30,DRREDDY
2021-09-30,DSQSOFTW
2021-09-30,ECLERX
2021-09-30,EICHERMOT
2021-09-30,EIDPARRY
2021-09-30,EIHOTEL
2021-09-30,ELECON
2021-09-30,ELGIEQUIP
2021-09-30,ELGIRUBCO
2021-09-30,ENDURANCE
2021-09-30,ENERGY
2021-09-30,ENGINERSIN
2021-09-30,ERIS
2021-09-30,ESABINDIA
2021-09-30,ESCORTS
2021-09-30,ESSAR
2021-09-30,EXCELINDUS
2021-09-30,EXIDEIND
2021-09-30,FACT
2021-09-30,FDC
2021-09-30,FEDERALBNK
2021-09-30,FINCABLES
2021-09-30,FLUOROCHEM
2021-09-30,FORTIS
2021-09-30,FOSECOIND
2021-09-30,FULFORD
2021-09-30,GAEL
2021-09-30,GAIL
2021-09-30,GALAXYSURF
2021-09-30,GANESHBE
2021-09-30,GARDEN
2021-09-30,GARWARE
2021-09-30,GESHIP
2021-09-30,GHCL
2021-09-30,GICRE
2021-09-30,GILLETTE
2021-09-30,GLAND
2021-09-30,GLAXO
2021-09-30,GLENMARK
2021-09-30,GLFL
2021-09-30,GMDCLTD
2021-09-30,GMMPFAUDLR
2021-09-30,GNFC
2021-09-30,GODFRYPHLP
2021-09-30,GODREJAGRO
2021-09-30,GODREJCP
2021-09-30,GODREJIND
2021-09-30,GOKEX
2021-09-30,GOODRICKE
2021-09-30,GOODYEAR
2021-09-30,GPPL
2021-09-30,GRANULES
2021-09-30,GRAPHITE
2021-09-30,GRASIM
2021-09-30,GREAVESCOT
2021-09-30,GRINDWELL
2021-09-30,GSFC
2021-09-30,GSPL
2021-09-30,GUJALKALI
2021-09-30,GUJGASLTD
2021-09-30,GVT&D
2021-09-30,HAL
2021-09-30,HARRMALAYA
2021-09-30,HATHWAY
2021-09-30,HATSUN
2021-09-30,HAVELLS
2021-09-30,HCLTECH
2021-09-30,HDFC
2021-09-30,HDFCAMC
2021-09-30,HDFCBANK
2021-09-30,HDFCLIFE
2021-09-30,HEALTHCARE
2021-09-30,HEG
2021-09-30,HEIDELBERG
2021-09-30,HERBERTS
2021-09-30,HERITGFOOD
2021-09-30,HEROMOTOCO
2021-09-30,HEXT
2021-09-30,HIMACHAL
2021-09-30,HIMATSEIDE
2021-09-30,HINDALCO
2021-09-30,HINDCOPPER
2021-09-30,HINDPETRO
2021-09-30,HINDSYNTEX
2021-09-30,HINDUNILVR
2021-09-30,HINDUSTAN
2021-09-30,HINDZINC
2021-09-30,HOGANAS
2021-09-30,HONAUT
2021-09-30,HSCL
2021-09-30,HUBTOWN
2021-09-30,IBREALEST
2021-09-30,IBVENTURES
2021-09-30,ICICI
2021-09-30,ICICIBANK
2021-09-30,ICICIGI
2021-09-30,ICICIPRULI
2021-09-30,ICRA
2021-09-30,IDBI
2021-09-30,IDFCFIRSTB
2021-09-30,IFBIND
2021-09-30,IFCI
2021-09-30,IGL
2021-09-30,IIFL
2021-09-30,INDHOTEL
2021-09-30,INDIACEM
2021-09-30,INDIAGLYCO
2021-09-30,INDIAMART
2021-09-30,INDIANB
2021-09-30,INDIGO
2021-09-30,INDOCO
2021-09-30,INDUSINDBK
2021-09-30,INDUSTOWER
2021-09-30,INFIBEAM
2021-09-30,INFY
2021-09-30,INSILCO
2021-09-30,INTELLECT
2021-09-30,IOB
2021-09-30,IOC
2021-09-30,IONEXCHANG
2021-09-30,IPCALAB
2021-09-30,IPRINGS
2021-09-30,IRCON
2021-09-30,IRCTC
2021-09-30,ISMT
2021-09-30,ITC
2021-09-30,ITDC
2021-09-30,ITI
2021-09-30,ITIETF
2021-09-30,ITWSIGNO
2021-09-30,JAGRAN
2021-09-30,JAICORPLTD
2021-09-30,JBCHEPHARM
2021-09-30,JBMA
2021-09-30,JGCHEM
2021-09-30,JINDALPHOT
2021-09-30,JINDALSAW
2021-09-30,JINDALSTEL
2021-09-30,JKCEMENT
2021-09-30,JKPAPER
2021-09-30,JKTYRE
2021-09-30,JSL
2021-09-30,JUBLFOOD
2021-09-30,JUBLINGRY
2021-09-30,KAJARIACER
2021-09-30,KANSAINER
2021-09-30,KARURVYSYA
2021-09-30,KARUTURI
2021-09-30,KEI
2021-09-30,KINETIC
2021-09-30,KMSUGAR
2021-09-30,KNRCON
2021-09-30,KOHINOOR
2021-09-30,KOTAKBANK
2021-09-30,KPEL
2021-09-30,KPITTECH
2021-09-30,KRBL
2021-09-30,KRISHNA
2021-09-30,KSB
2021-09-30,KTKBANK
2021-09-30,KUMARS
2021-09-30,LALPATHLAB
2021-09-30,LAOPALA
2021-09-30,LAURUSLABS
2021-09-30,LEMONTREE
2021-09-30,LICHSGFIN
2021-09-30,LINDEINDIA
2021-09-30,LT
2021-09-30,LTF
2021-09-30,LTTS
2021-09-30,LUPIN
2021-09-30,LUXIND
2021-09-30,M
2021-09-30,M&
2021-09-30,M&M
2021-09-30,MADURA
2021-09-30,MAFATIND
2021-09-30,MAHABANK
2021-09-30,MAHSCOOTER
2021-09-30,MAHSEAMLES
2021-09-30,MALWA
2021-09-30,MARICO
2021-09-30,MARUTI
2021-09-30,MASFIN
2021-09-30,MASTEK
2021-09-30,MATRIX
2021-09-30,MCX
2021-09-30,MERCK
2021-09-30,MERIND
2021-09-30,METROPOLIS
2021-09-30,MFSL
2021-09-30,MGL
2021-09-30,MIDHANI
2021-09-30,MODIXEROX
2021-09-30,MOREPENLAB
2021-09-30,MOTHERSON
2021-09-30,MOTHERSUMI
2021-09-30,MPHASIS
2021-09-30,MRF
2021-09-30,MRPL
2021-09-30,NAGARFERT
2021-09-30,NAHAR
2021-09-30,NAHARPOLY
2021-09-30,NAHARSPING
2021-09-30,NAM-INDIA
2021-09-30,NATCOPHARM
2021-09-30,NATIONAL
2021-09-30,NATIONALUM
2021-09-30,NAVA
2021-09-30,NAVINFLUOR
2021-09-30,NCC
2021-09-30,NESCO
2021-09-30,NESTLEIND
2021-09-30,NFL
2021-09-30,NH
2021-09-30,NIACL
2021-09-30,NILKAMAL
2021-09-30,NIRMA
2021-09-30,NITCO
2021-09-30,NLCINDIA
2021-09-30,NMDC
2021-09-30,NTPC
2021-09-30,NUVOCO
2021-09-30,OFSS
2021-09-30,OILCOUNTUB
2021-09-30,OLECTRA
2021-09-30,OMAXAUTO
2021-09-30,OMAXE
2021-09-30,ONELIFECAP
2021-09-30,ONGC
2021-09-30,ONIDA
2021-09-30,ORIENTCEM
2021-09-30,ORIENTELEC
2021-09-30,PATANJALI
2021-09-30,PATNI
2021-09-30,PATSPIN
2021-09-30,PCBL
2021-09-30,PDMJEPAPER
2021-09-30,PEL
2021-09-30,PENTAFOUR
2021-09-30,PENTAMEDIA
2021-09-30,PERSISTENT
2021-09-30,PETRONET
2021-09-30,PFIZER
2021-09-30,PGHL
2021-09-30,PHIL
2021-09-30,PHILIPS
2021-09-30,PHOENIX
2021-09-30,PIDILITIND
2021-09-30,PNB
2021-09-30,POLYCAB
2021-09-30,POLYMED
2021-09-30,POONAWALLA
2021-09-30,PRAJIND
2021-09-30,PREMIERENE
2021-09-30,PRESTIGE
2021-09-30,PSIDATA
2021-09-30,PUNJABCHEM
2021-09-30,PUNJTRACT
2021-09-30,QUESS
2021-09-30,RAASI
2021-09-30,RAIN
2021-09-30,RAJESHEXPO
2021-09-30,RALLIS
2021-09-30,RAMCOCEM
2021-09-30,RATNAMANI
2021-09-30,RAYMOND
2021-09-30,RBLBANK
2021-09-30,RCF
2021-09-30,RECKITT
2021-09-30,RECLTD
2021-09-30,REIAGRO
2021-09-30,RELAXO
2021-09-30,RELMEDIA
2021-09-30,RITES
2021-09-30,ROSSARI
2021-09-30,ROUTE
2021-09-30,RPGTRANS
2021-09-30,RSWM
2021-09-30,RVNL
2021-09-30,SAIL
2021-09-30,SANGHI
2021-09-30,SANOFI
2021-09-30,SAREGAMA
2021-09-30,SBICARD
2021-09-30,SBILIFE
2021-09-30,SCHAEFFLER
2021-09-30,SCHENECT
2021-09-30,SCHNEIDER
2021-09-30,SCI
2021-09-30,SCILAL
2021-09-30,SEQUENT
2021-09-30,SESASTERL
2021-09-30,SESHAPAPER
2021-09-30,SFL
2021-09-30,SHAWWALLA
2021-09-30,SHOPERSTOP
2021-09-30,SHREECEM
2021-09-30,SHRIRAMFIN
2021-09-30,SHYAMTEL
2021-09-30,SIEMENS
2021-09-30,SIS
2021-09-30,SJVN
2021-09-30,SKFINDIA
2021-09-30,SKSMICRO
2021-09-30,SOLARINDS
2021-09-30,SONATSOFTW
2021-09-30,SOUTHBANK
2021-09-30,SPARC
2021-09-30,SPICEJET
2021-09-30,SRF
2021-09-30,STAR
2021-09-30,STARCEMENT
2021-09-30,STYROLUT
2021-09-30,SUMICHEM
2021-09-30,SUNDARMFIN
2021-09-30,SUNDRMFAST
2021-09-30,SUNPHARMA
2021-09-30,SUPRAJIT
2021-09-30,SUPREMEIND
2021-09-30,SWSOLAR
2021-09-30,SYMPHONY
2021-09-30,SYNGENE
2021-09-30,TAKE
2021-09-30,TATACOMM
2021-09-30,TATACONSUM
2021-09-30,TATAELXSI
2021-09-30,TATAINVEST
2021-09-30,TATAMETAL
2021-09-30,TATAMOTORS
2021-09-30,TATAPOWER
2021-09-30,TATASTEEL
2021-09-30,TCIEXP
2021-09-30,TCNSCLOTH
2021-09-30,TCS
2021-09-30,TEAMLEASE
2021-09-30,THERMAX
2021-09-30,THIRU
2021-09-30,THYROCARE
2021-09-30,TIINDIA
2021-09-30,TIMETECHNO
2021-09-30,TIMEX
2021-09-30,TIMKEN
2021-09-30,TITAN
2021-09-30,TMCV
2021-09-30,TORNTPHARM
2021-09-30,TORNTPOWER
2021-09-30,TRANSPEK
2021-09-30,TRENT
2021-09-30,TRIDENT
2021-09-30,TTKPRESTIG
2021-09-30,TVTODAY
2021-09-30,UBL
2021-09-30,UCALFUEL
2021-09-30,UFLEX
2021-09-30,UJJIVAN
2021-09-30,ULTRACEMCO
2021-09-30,UNIONBANK
2021-09-30,UNOMINDA
2021-09-30,URBANCO
2021-09-30,VARROC
2021-09-30,VARUN
2021-09-30,VBL
2021-09-30,VENKEYS
2021-09-30,VESUVIUS
2021-09-30,VISHAL
2021-09-30,VMART
2021-09-30,VOLTAS
2021-09-30,VTL
2021-09-30,WELENT
2021-09-30,WESTLIFE
2021-09-30,WIDIA
2021-09-30,WIMCO
2021-09-30,WINDMACH
2021-09-30,WIPRO
2021-09-30,WOCKPHARMA
2021-09-30,WSTCSTPAPR
2021-09-30,ZENSARTECH
2021-09-30,ZYDUSWELL
2022-03-31,3MINDIA
2022-03-31,AARTIIND
2022-03-31,AAVAS
2022-03-31,ABB
2022-03-31,ABBOTINDIA
2022-03-31,ABCAPITAL
2022-03-31,ABREL
2022-03-31,ACC
2022-03-31,ADANIENSOL
2022-03-31,ADANIPOWER
2022-03-31,ADVENZYMES
2022-03-31,AEGISLOG
2022-03-31,AFFLE
2022-03-31,AGCNETWO
2022-03-31,AIAENG
2022-03-31,AKZOINDIA
2022-03-31,ALKEM
2022-03-31,ALLCARGO
2022-03-31,ALTOS
2022-03-31,AMBALAL
2022-03-31,AMBER
2022-03-31,AMBUJACEM
2022-03-31,APLAPOLLO
2022-03-31,APOLLOHOSP
2022-03-31,APOLLOTYRE
2022-03-31,APPAPER
2022-03-31,APPLE
2022-03-31,ARVIND
2022-03-31,ASHOKLEY
2022-03-31,ASIANPAINT
2022-03-31,ASTERDM
2022-03-31,ASTRAZENCA
2022-03-31,ATGL
2022-03-31,ATUL
2022-03-31,ATULAUTO
2022-03-31,AUBANK
2022-03-31,AVANTIFEED
2022-03-31,AVERY
2022-03-31,AXISBANK
2022-03-31,BAJAJ
2022-03-31,BAJAJ-AUTO
2022-03-31,BAJAJHLDNG
2022-03-31,BAJFINANCE
2022-03-31,BALMLAWRIE
2022-03-31,BALRAMCHIN
2022-03-31,BANKBARODA
2022-03-31,BASF
2022-03-31,BATAINDIA
2022-03-31,BAYERCROP
2022-03-31,BBTC
2022-03-31,BDL
2022-03-31,BEL
2022-03-31,BEML
2022-03-31,BERGEPAINT
2022-03-31,BHARATFORG
2022-03-31,BHARTIARTL
2022-03-31,BHEL
2022-03-31,BI
2022-03-31,BIOCON
2022-03-31,BIRLACORPN
2022-03-31,BLISSGVS
2022-03-31,BLUEDART
2022-03-31,BLUESTARCO
2022-03-31,BOMDYEING
2022-03-31,BOSCH-HCIL
2022-03-31,BOSCHLTD
2022-03-31,BPCL
2022-03-31,BRIGADE
2022-03-31,BRITANNIA
2022-03-31,BSE
2022-03-31,BSOFT
2022-03-31,CABLE
2022-03-31,CANBK
2022-03-31,CANFINHOME
2022-03-31,CAPLIN
2022-03-31,CARTRADE
2022-03-31,CASTROLIND
2022-03-31,CCL
2022-03-31,CDSL
2022-03-31,CEATLTD
2022-03-31,CENTRALBK
2022-03-31,CENTURYTEX
2022-03-31,CERA
2022-03-31,CESC
2022-03-31,CGCL
2022-03-31,CHAMBLFERT
2022-03-31,CHEMINOR
2022-03-31,CHENNPETRO
2022-03-31,CHETTINAD
2022-03-31,CHOLAFIN
2022-03-31,CHOLAHLDNG
2022-03-31,CIPLA
2022-03-31,CMC
2022-03-31,COALINDIA
2022-03-31,COCHINSHIP
2022-03-31,COFORGE
2022-03-31,COLPAL
2022-03-31,CONCOR
2022-03-31,CONSOFINVT
2022-03-31,COROMANDEL
2022-03-31,CREDITACC
2022-03-31,CRISIL
2022-03-31,CROMPTON
2022-03-31,CSBBANK
2022-03-31,CUB
2022-03-31,CUMMINSIND
2022-03-31,CYBERTECH
2022-03-31,DABUR
2022-03-31,DALMIASUG
2022-03-31,DATAPATTNS
2022-03-31,DBCORP
2022-03-31,DCAL
2022-03-31,DCLPOLYE
2022-03-31,DCW
2022-03-31,DEEPAKFERT
2022-03-31,DEEPAKNTR
2022-03-31,DEVYANI
2022-03-31,DHAMPURSUG
2022-03-31,DICIND
2022-03-31,DIGJAMLMTD
2022-03-31,DISHTV
2022-03-31,DLF
2022-03-31,DMART
2022-03-31,DRREDDY
2022-03-31,DSQSOFTW
2022-03-31,ECLERX
2022-03-31,EICHERMOT
2022-03-31,EIDPARRY
2022-03-31,EIHOTEL
2022-03-31,ELECON
2022-03-31,ELGIEQUIP
2022-03-31,ELGIRUBCO
2022-03-31,ENDURANCE
2022-03-31,ENERGY
2022-03-31,ENGINERSIN
2022-03-31,ERIS
2022-03-31,ESABINDIA
2022-03-31,ESCORTS
2022-03-31,ESSAR
2022-03-31,EXCELINDUS
2022-03-31,EXIDEIND
2022-03-31,FACT
2022-03-31,FDC
2022-03-31,FEDERALBNK
2022-03-31,FINCABLES
2022-03-31,FLUOROCHEM
2022-03-31,FORTIS
2022-03-31,FOSECOIND
2022-03-31,FULFORD
2022-03-31,GAEL
2022-03-31,GAIL
2022-03-31,GALAXYSURF
2022-03-31,GANESHBE
2022-03-31,GARDEN
2022-03-31,GESHIP
2022-03-31,GHCL
2022-03-31,GICRE
2022-03-31,GILLETTE
2022-03-31,GLAND
2022-03-31,GLAXO
2022-03-31,GLENMARK
2022-03-31,GLFL
2022-03-31,GMDCLTD
2022-03-31,GMMPFAUDLR
2022-03-31,GNFC
2022-03-31,GODFRYPHLP
2022-03-31,GODREJAGRO
2022-03-31,GODREJCP
2022-03-31,GODREJIND
2022-03-31,GOKEX
2022-03-31,GOODRICKE
2022-03-31,GOODYEAR
2022-03-31,GPPL
2022-03-31,GRANULES
2022-03-31,GRAPHITE
2022-03-31,GRASIM
2022-03-31,GREAVESCOT
2022-03-31,GRINDWELL
2022-03-31,GSFC
2022-03-31,GSPL
2022-03-31,GUJALKALI
2022-03-31,GUJGASLTD
2022-03-31,GVT&D
2022-03-31,HAL
2022-03-31,HARRMALAYA
2022-03-31,HATHWAY
2022-03-31,HATSUN
2022-03-31,HAVELLS
2022-03-31,HCLTECH
2022-03-31,HDFC
2022-03-31,HDFCAMC
2022-03-31,HDFCBANK
2022-03-31,HDFCLIFE
2022-03-31,HEALTHCARE
2022-03-31,HEG
2022-03-31,HEIDELBERG
2022-03-31,HERBERTS
2022-03-31,HERITGFOOD
2022-03-31,HEROMOTOCO
2022-03-31,HEXT
2022-03-31,HIMACHAL
2022-03-31,HIMATSEIDE
2022-03-31,HINDALCO
2022-03-31,HINDCOPPER
2022-03-31,HINDPETRO
2022-03-31,HINDSYNTEX
2022-03-31,HINDUNILVR
2022-03-31,HINDUSTAN
2022-03-31,HINDZINC
2022-03-31,HOGANAS
2022-03-31,HONAUT
2022-03-31,HSCL
2022-03-31,HUBTOWN
2022-03-31,IBREALEST
2022-03-31,IBVENTURES
2022-03-31,ICICI
2022-03-31,ICICIBANK
2022-03-31,ICICIGI
2022-03-31,ICICIPRULI
2022-03-31,ICRA
2022-03-31,IDBI
2022-03-31,IDFCFIRSTB
2022-03-31,IFBIND
2022-03-31,IFCI
2022-03-31,IGL
2022-03-31,IIFL
2022-03-31,INDHOTEL
2022-03-31,INDIACEM
2022-03-31,INDIAGLYCO
2022-03-31,INDIAMART
2022-03-31,INDIANB
2022-03-31,INDIGO
2022-03-31,INDOCO
2022-03-31,INDUSINDBK
2022-03-31,INDUSTOWER
2022-03-31,INFIBEAM
2022-03-31,INFY
2022-03-31,INSILCO
2022-03-31,INTELLECT
2022-03-31,IOB
2022-03-31,IOC
2022-03-31,IONEXCHANG
2022-03-31,IPCALAB
2022-03-31,IPRINGS
2022-03-31,IRCON
2022-03-31,IRCTC
2022-03-31,ISMT
2022-03-31,ITC
2022-03-31,ITDC
2022-03-31,ITI
2022-03-31,ITIETF
2022-03-31,ITWSIGNO
2022-03-31,JAGRAN
2022-03-31,JAICORPLTD
2022-03-31,JBCHEPHARM
2022-03-31,JBMA
2022-03-31,JGCHEM
2022-03-31,JINDALPHOT
2022-03-31,JINDALSAW
2022-03-31,JINDALSTEL
2022-03-31,JKCEMENT
2022-03-31,JKPAPER
2022-03-31,JKTYRE
2022-03-31,JSL
2022-03-31,JUBLFOOD
2022-03-31,JUBLINGRY
2022-03-31,KAJARIACER
2022-03-31,KANSAINER
2022-03-31,KARURVYSYA
2022-03-31,KARUTURI
2022-03-31,KEI
2022-03-31,KINETIC
2022-03-31,KMSUGAR
2022-03-31,KNRCON
2022-03-31,KOHINOOR
2022-03-31,KOTAKBANK
2022-03-31,KPEL
2022-03-31,KPITTECH
2022-03-31,KRBL
2022-03-31,KRISHNA
2022-03-31,KSB
2022-03-31,KTKBANK
2022-03-31,KUMARS
2022-03-31,LALPATHLAB
2022-03-31,LAOPALA
2022-03-31,LAURUSLABS
2022-03-31,LEMONTREE
2022-03-31,LICHSGFIN
2022-03-31,LINDEINDIA
2022-03-31,LT
2022-03-31,LTF
2022-03-31,LTTS
2022-03-31,LUPIN
2022-03-31,LUXIND
2022-03-31,M
2022-03-31,M&
2022-03-31,M&M
2022-03-31,MADURA
2022-03-31,MAFATIND
2022-03-31,MAHABANK
2022-03-31,MAHSCOOTER
2022-03-31,MAHSEAMLES
2022-03-31,MARICO
2022-03-31,MARUTI
2022-03-31,MASFIN
2022-03-31,MASTEK
2022-03-31,MATRIX
2022-03-31,MCX
2022-03-31,MEDPLUS
2022-03-31,MERCK
2022-03-31,MERIND
2022-03-31,METROBRAND
2022-03-31,METROPOLIS
2022-03-31,MFSL
2022-03-31,MGL
2022-03-31,MIDHANI
2022-03-31,MODIXEROX
2022-03-31,MOREPENLAB
2022-03-31,MOTHERSON
2022-03-31,MOTHERSUMI
2022-03-31,MPHASIS
2022-03-31,MRF
2022-03-31,MRPL
2022-03-31,NAGARFERT
2022-03-31,NAHAR
2022-03-31,NAHARPOLY
2022-03-31,NAHARSPING
2022-03-31,NAM-INDIA
2022-03-31,NATCOPHARM
2022-03-31,NATIONAL
2022-03-31,NATIONALUM
2022-03-31,NAVA
2022-03-31,NAVINFLUOR
2022-03-31,NCC
2022-03-31,NESCO
2022-03-31,NESTLEIND
2022-03-31,NFL
2022-03-31,NH
2022-03-31,NIACL
2022-03-31,NILKAMAL
2022-03-31,NIRMA
2022-03-31,NITCO
2022-03-31,NLCINDIA
2022-03-31,NMDC
2022-03-31,NTPC
2022-03-31,NUVOCO
2022-03-31,OFSS
2022-03-31,OILCOUNTUB
2022-03-31,OLECTRA
2022-03-31,OMAXAUTO
2022-03-31,OMAXE
2022-03-31,ONELIFECAP
2022-03-31,ONGC
2022-03-31,ONIDA
2022-03-31,ORIENTCEM
2022-03-31,ORIENTELEC
2022-03-31,PATANJALI
2022-03-31,PATNI
2022-03-31,PATSPIN
2022-03-31,PCBL
2022-03-31,PDMJEPAPER
2022-03-31,PEL
2022-03-31,PENTAFOUR
2022-03-31,PENTAMEDIA
2022-03-31,PERSISTENT
2022-03-31,PETRONET
2022-03-31,PFIZER
2022-03-31,PGHL
2022-03-31,PHIL
2022-03-31,PHILIPS
2022-03-31,PHOENIX
2022-03-31,PIDILITIND
2022-03-31,PNB
2022-03-31,POLYCAB
2022-03-31,POLYMED
2022-03-31,POONAWALLA
2022-03-31,PRAJIND
2022-03-31,PREMIERENE
2022-03-31,PRESTIGE
2022-03-31,PSIDATA
2022-03-31,PUNJABCHEM
2022-03-31,PUNJTRACT
2022-03-31,QUESS
2022-03-31,RAASI
2022-03-31,RAIN
2022-03-31,RAJESHEXPO
2022-03-31,RALLIS
2022-03-31,RAMCOCEM
2022-03-31,RATNAMANI
2022-03-31,RAYMOND
2022-03-31,RBLBANK
2022-03-31,RCF
2022-03-31,RECKITT
2022-03-31,RECLTD
2022-03-31,REIAGRO
2022-03-31,RELAXO
2022-03-31,RELMEDIA
2022-03-31,RITES
2022-03-31,ROSSARI
2022-03-31,ROUTE
2022-03-31,RPGTRANS
2022-03-31,RSWM
2022-03-31,RVNL
2022-03-31,SAIL
2022-03-31,SANGHI
2022-03-31,SANOFI
2022-03-31,SAREGAMA
2022-03-31,SBICARD
2022-03-31,SBILIFE
2022-03-31,SCHAEFFLER
2022-03-31,SCHENECT
2022-03-31,SCHNEIDER
2022-03-31,SCI
2022-03-31,SCILAL
2022-03-31,SESASTERL
2022-03-31,SESHAPAPER
2022-03-31,SFL
2022-03-31,SHAWWALLA
2022-03-31,SHOPERSTOP
2022-03-31,SHREECEM
2022-03-31,SHRIRAMFIN
2022-03-31,SHYAMTEL
2022-03-31,SIEMENS
2022-03-31,SIS
2022-03-31,SJVN
2022-03-31,SKFINDIA
2022-03-31,SKSMICRO
2022-03-31,SOLARINDS
2022-03-31,SONATSOFTW
2022-03-31,SOUTHBANK
2022-03-31,SPARC
2022-03-31,SPICEJET
2022-03-31,SRF
2022-03-31,STAR
2022-03-31,STARCEMENT
2022-03-31,STYROLUT
2022-03-31,SUMICHEM
2022-03-31,SUNDARMFIN
2022-03-31,SUNDRMFAST
2022-03-31,SUNPHARMA
2022-03-31,SUPRAJIT
2022-03-31,SUPREMEIND
2022-03-31,SWSOLAR
2022-03-31,SYMPHONY
2022-03-31,SYNGENE
2022-03-31,TAKE
2022-03-31,TATACOMM
2022-03-31,TATACONSUM
2022-03-31,TATAELXSI
2022-03-31,TATAINVEST
2022-03-31,TATAMETAL
2022-03-31,TATAMOTORS
2022-03-31,TATAPOWER
2022-03-31,TATASTEEL
2022-03-31,TCIEXP
2022-03-31,TCNSCLOTH
2022-03-31,TCS
2022-03-31,TEAMLEASE
2022-03-31,THERMAX
2022-03-31,THIRU
2022-03-31,THYROCARE
2022-03-31,TIINDIA
2022-03-31,TIMETECHNO
2022-03-31,TIMEX
2022-03-31,TIMKEN
2022-03-31,TITAN
2022-03-31,TMCV
2022-03-31,TORNTPHARM
2022-03-31,TORNTPOWER
2022-03-31,TRANSPEK
2022-03-31,TRENT
2022-03-31,TRIDENT
2022-03-31,TTKPRESTIG
2022-03-31,TVTODAY
2022-03-31,UBL
2022-03-31,UCALFUEL
2022-03-31,UFLEX
2022-03-31,UJJIVAN
2022-03-31,ULTRACEMCO
2022-03-31,UNIONBANK
2022-03-31,UNOMINDA
2022-03-31,URBANCO
2022-03-31,VARROC
2022-03-31,VARUN
2022-03-31,VBL
2022-03-31,VENKEYS
2022-03-31,VESUVIUS
2022-03-31,VISHAL
2022-03-31,VMART
2022-03-31,VOLTAS
2022-03-31,VTL
2022-03-31,WELENT
2022-03-31,WESTLIFE
2022-03-31,WIDIA
2022-03-31,WIMCO
2022-03-31,WINDMACH
2022-03-31,WIPRO
2022-03-31,WOCKPHARMA
2022-03-31,WSTCSTPAPR
2022-03-31,ZENSARTECH
2022-03-31,ZYDUSWELL
2022-09-30,3MINDIA
2022-09-30,AARTIIND
2022-09-30,AAVAS
2022-09-30,ABB
2022-09-30,ABBOTINDIA
2022-09-30,ABCAPITAL
2022-09-30,ABREL
2022-09-30,ACC
2022-09-30,ADANIENSOL
2022-09-30,ADANIPOWER
2022-09-30,ADVENZYMES
2022-09-30,AEGISLOG
2022-09-30,AFFLE
2022-09-30,AGCNETWO
2022-09-30,AIAENG
2022-09-30,AKZOINDIA
2022-09-30,ALKEM
2022-09-30,ALLCARGO
2022-09-30,ALTOS
2022-09-30,AMBALAL
2022-09-30,AMBER
2022-09-30,AMBUJACEM
2022-09-30,APLAPOLLO
2022-09-30,APOLLOHOSP
2022-09-30,APOLLOTYRE
2022-09-30,APPAPER
2022-09-30,APPLE
2022-09-30,ARVIND
2022-09-30,ASHOKLEY
2022-09-30,ASIANPAINT
2022-09-30,ASTERDM
2022-09-30,ASTRAZENCA
2022-09-30,ATGL
2022-09-30,ATUL
2022-09-30,ATULAUTO
2022-09-30,AUBANK
2022-09-30,AVANTIFEED
2022-09-30,AVERY
2022-09-30,AXISBANK
2022-09-30,BAJAJ
2022-09-30,BAJAJ-AUTO
2022-09-30,BAJAJHLDNG
2022-09-30,BAJFINANCE
2022-09-30,BALMLAWRIE
2022-09-30,BALRAMCHIN
2022-09-30,BANKBARODA
2022-09-30,BASF
2022-09-30,BATAINDIA
2022-09-30,BAYERCROP
2022-09-30,BBTC
2022-09-30,BDL
2022-09-30,BEL
2022-09-30,BEML
2022-09-30,BERGEPAINT
2022-09-30,BHARATFORG
2022-09-30,BHARTIARTL
2022-09-30,BHEL
2022-09-30,BI
2022-09-30,BIOCON
2022-09-30,BIRLACORPN
2022-09-30,BLISSGVS
2022-09-30,BLUEDART
2022-09-30,BLUESTARCO
2022-09-30,BOMDYEING
2022-09-30,BOSCH-HCIL
2022-09-30,BOSCHLTD
2022-09-30,BPCL
2022-09-30,BRIGADE
2022-09-30,BRITANNIA
2022-09-30,BSE
2022-09-30,BSOFT
2022-09-30,CABLE
2022-09-30,CANBK
2022-09-30,CANFINHOME
2022-09-30,CAPLIN
2022-09-30,CARTRADE
2022-09-30,CASTROLIND
2022-09-30,CCL
2022-09-30,CDSL
2022-09-30,CEATLTD
2022-09-30,CENTRALBK
2022-09-30,CENTURYTEX
2022-09-30,CERA
2022-09-30,CESC
2022-09-30,CGCL
2022-09-30,CHAMBLFERT
2022-09-30,CHEMINOR
2022-09-30,CHENNPETRO
2022-09-30,CHETTINAD
2022-09-30,CHOLAFIN
2022-09-30,CHOLAHLDNG
2022-09-30,CIPLA
2022-09-30,CMC
2022-09-30,COALINDIA
2022-09-30,COCHINSHIP
2022-09-30,COFORGE
2022-09-30,COLPAL
2022-09-30,CONCOR
2022-09-30,CONSOFINVT
2022-09-30,COROMANDEL
2022-09-30,CREDITACC
2022-09-30,CRISIL
2022-09-30,CROMPTON
2022-09-30,CSBBANK
2022-09-30,CUB
2022-09-30,CUMMINSIND
2022-09-30,CYBERTECH
2022-09-30,DABUR
2022-09-30,DALMIASUG
2022-09-30,DATAPATTNS
2022-09-30,DBCORP
2022-09-30,DCAL
2022-09-30,DCLPOLYE
2022-09-30,DCW
2022-09-30,DEEPAKFERT
2022-09-30,DEEPAKNTR
2022-09-30,DEVYANI
2022-09-30,DHAMPURSUG
2022-09-30,DICIND
2022-09-30,DIGJAMLMTD
2022-09-30,DLF
2022-09-30,DMART
2022-09-30,DRREDDY
2022-09-30,DSQSOFTW
2022-09-30,ECLERX
2022-09-30,EICHERMOT
2022-09-30,EIDPARRY
2022-09-30,EIHOTEL
2022-09-30,ELECON
2022-09-30,ELGIEQUIP
2022-09-30,ELGIRUBCO
2022-09-30,ENDURANCE
2022-09-30,ENERGY
2022-09-30,ENGINERSIN
2022-09-30,ERIS
2022-09-30,ESABINDIA
2022-09-30,ESCORTS
2022-09-30,ESSAR
2022-09-30,EXCELINDUS
2022-09-30,EXIDEIND
2022-09-30,FACT
2022-09-30,FDC
2022-09-30,FEDERALBNK
2022-09-30,FINCABLES
2022-09-30,FLUOROCHEM
2022-09-30,FORTIS
2022-09-30,FOSECOIND
2022-09-30,FULFORD
2022-09-30,GAEL
2022-09-30,GAIL
2022-09-30,GALAXYSURF
2022-09-30,GANESHBE
2022-09-30,GARDEN
2022-09-30,GESHIP
2022-09-30,GHCL
2022-09-30,GICRE
2022-09-30,GILLETTE
2022-09-30,GLAND
2022-09-30,GLAXO
2022-09-30,GLENMARK
2022-09-30,GLFL
2022-09-30,GMDCLTD
2022-09-30,GMMPFAUDLR
2022-09-30,GNFC
2022-09-30,GODFRYPHLP
2022-09-30,GODREJAGRO
2022-09-30,GODREJCP
2022-09-30,GODREJIND
2022-09-30,GOKEX
2022-09-30,GOODRICKE
2022-09-30,GOODYEAR
2022-09-30,GPPL
2022-09-30,GRANULES
2022-09-30,GRAPHITE
2022-09-30,GRASIM
2022-09-30,GREAVESCOT
2022-09-30,GRINDWELL
2022-09-30,GSFC
2022-09-30,GSPL
2022-09-30,GUJALKALI
2022-09-30,GUJGASLTD
2022-09-30,GVT&D
2022-09-30,HAL
2022-09-30,HARRMALAYA
2022-09-30,HATHWAY
2022-09-30,HATSUN
2022-09-30,HAVELLS
2022-09-30,HCLTECH
2022-09-30,HDFC
2022-09-30,HDFCAMC
2022-09-30,HDFCBANK
2022-09-30,HDFCLIFE
2022-09-30,HEALTHCARE
2022-09-30,HEG
2022-09-30,HEIDELBERG
2022-09-30,HERBERTS
2022-09-30,HERITGFOOD
2022-09-30,HEROMOTOCO
2022-09-30,HEXT
2022-09-30,HIMACHAL
2022-09-30,HIMATSEIDE
2022-09-30,HINDALCO
2022-09-30,HINDCOPPER
2022-09-30,HINDPETRO
2022-09-30,HINDSYNTEX
2022-09-30,HINDUNILVR
2022-09-30,HINDUSTAN
2022-09-30,HINDZINC
2022-09-30,HOGANAS
2022-09-30,HONAUT
2022-09-30,HSCL
2022-09-30,HUBTOWN
2022-09-30,IBREALEST
2022-09-30,IBVENTURES
2022-09-30,ICICI
2022-09-30,ICICIBANK
2022-09-30,ICICIGI
2022-09-30,ICICIPRULI
2022-09-30,ICRA
2022-09-30,IDBI
2022-09-30,IDFCFIRSTB
2022-09-30,IFBIND
2022-09-30,IFCI
2022-09-30,IGL
2022-09-30,IIFL
2022-09-30,INDHOTEL
2022-09-30,INDIACEM
2022-09-30,INDIAGLYCO
2022-09-30,INDIAMART
2022-09-30,INDIANB
2022-09-30,INDIGO
2022-09-30,INDOCO
2022-09-30,INDUSINDBK
2022-09-30,INDUSTOWER
2022-09-30,INFIBEAM
2022-09-30,INFY
2022-09-30,INTELLECT
2022-09-30,IOB
2022-09-30,IOC
2022-09-30,IONEXCHANG
2022-09-30,IPCALAB
2022-09-30,IPRINGS
2022-09-30,IRCON
2022-09-30,IRCTC
2022-09-30,ISMT
2022-09-30,ITC
2022-09-30,ITDC
2022-09-30,ITI
2022-09-30,ITIETF
2022-09-30,ITWSIGNO
2022-09-30,JAGRAN
2022-09-30,JAICORPLTD
2022-09-30,JBCHEPHARM
2022-09-30,JBMA
2022-09-30,JGCHEM
2022-09-30,JINDALPHOT
2022-09-30,JINDALSAW
2022-09-30,JINDALSTEL
2022-09-30,JKCEMENT
2022-09-30,JKPAPER
2022-09-30,JKTYRE
2022-09-30,JSL
2022-09-30,JUBLFOOD
2022-09-30,JUBLINGRY
2022-09-30,KAJARIACER
2022-09-30,KANSAINER
2022-09-30,KARURVYSYA
2022-09-30,KARUTURI
2022-09-30,KEI
2022-09-30,KINETIC
2022-09-30,KMSUGAR
2022-09-30,KNRCON
2022-09-30,KOHINOOR
2022-09-30,KOTAKBANK
2022-09-30,KPEL
2022-09-30,KPITTECH
2022-09-30,KRBL
2022-09-30,KRISHNA
2022-09-30,KSB
2022-09-30,KTKBANK
2022-09-30,KUMARS
2022-09-30,LALPATHLAB
2022-09-30,LAOPALA
2022-09-30,LAURUSLABS
2022-09-30,LEMONTREE
2022-09-30,LICHSGFIN
2022-09-30,LINDEINDIA
2022-09-30,LT
2022-09-30,LTF
2022-09-30,LTTS
2022-09-30,LUPIN
2022-09-30,LUXIND
2022-09-30,M
2022-09-30,M&
2022-09-30,M&M
2022-09-30,MADURA
2022-09-30,MAFATIND
2022-09-30,MAHABANK
2022-09-30,MAHSCOOTER
2022-09-30,MAHSEAMLES
2022-09-30,MARICO
2022-09-30,MARUTI
2022-09-30,MASFIN
2022-09-30,MASTEK
2022-09-30,MATRIX
2022-09-30,MCX
2022-09-30,MEDPLUS
2022-09-30,MERCK
2022-09-30,MERIND
2022-09-30,METROBRAND
2022-09-30,METROPOLIS
2022-09-30,MFSL
2022-09-30,MGL
2022-09-30,MIDHANI
2022-09-30,MODIXEROX
2022-09-30,MOREPENLAB
2022-09-30,MOTHERSON
2022-09-30,MOTHERSUMI
2022-09-30,MPHASIS
2022-09-30,MRF
2022-09-30,MRPL
2022-09-30,NAGARFERT
2022-09-30,NAHAR
2022-09-30,NAHARPOLY
2022-09-30,NAHARSPING
2022-09-30,NAM-INDIA
2022-09-30,NATCOPHARM
2022-09-30,NATIONAL
2022-09-30,NATIONALUM
2022-09-30,NAVA
2022-09-30,NAVINFLUOR
2022-09-30,NCC
2022-09-30,NESCO
2022-09-30,NESTLEIND
2022-09-30,NFL
2022-09-30,NH
2022-09-30,NIACL
2022-09-30,NILKAMAL
2022-09-30,NIRMA
2022-09-30,NITCO
2022-09-30,NLCINDIA
2022-09-30,NMDC
2022-09-30,NTPC
2022-09-30,NUVOCO
2022-09-30,OFSS
2022-09-30,OILCOUNTUB
2022-09-30,OLECTRA
2022-09-30,OMAXAUTO
2022-09-30,OMAXE
2022-09-30,ONELIFECAP
2022-09-30,ONGC
2022-09-30,ONIDA
2022-09-30,ORIENTCEM
2022-09-30,ORIENTELEC
2022-09-30,PATANJALI
2022-09-30,PATNI
2022-09-30,PATSPIN
2022-09-30,PCBL
2022-09-30,PDMJEPAPER
2022-09-30,PEL
2022-09-30,PENTAFOUR
2022-09-30,PENTAMEDIA
2022-09-30,PERSISTENT
2022-09-30,PETRONET
2022-09-30,PFIZER
2022-09-30,PGHL
2022-09-30,PHIL
2022-09-30,PHILIPS
2022-09-30,PHOENIX
2022-09-30,PIDILITIND
2022-09-30,PNB
2022-09-30,POLYCAB
2022-09-30,POLYMED
2022-09-30,POONAWALLA
2022-09-30,PRAJIND
2022-09-30,PREMIERENE
2022-09-30,PRESTIGE
2022-09-30,PRUDENT
2022-09-30,PSIDATA
2022-09-30,PUNJABCHEM
2022-09-30,PUNJTRACT
2022-09-30,QUESS
2022-09-30,RAASI
2022-09-30,RAIN
2022-09-30,RAJESHEXPO
2022-09-30,RALLIS
2022-09-30,RAMCOCEM
2022-09-30,RATNAMANI
2022-09-30,RAYMOND
2022-09-30,RBLBANK
2022-09-30,RCF
2022-09-30,RECKITT
2022-09-30,RECLTD
2022-09-30,REIAGRO
2022-09-30,RELAXO
2022-09-30,RELMEDIA
2022-09-30,RITES
2022-09-30,ROUTE
2022-09-30,RPGTRANS
2022-09-30,RSWM
2022-09-30,RVNL
2022-09-30,SAIL
2022-09-30,SANGHI
2022-09-30,SANOFI
2022-09-30,SAREGAMA
2022-09-30,SBICARD
2022-09-30,SBILIFE
2022-09-30,SCHAEFFLER
2022-09-30,SCHENECT
2022-09-30,SCHNEIDER
2022-09-30,SCI
2022-09-30,SCILAL
2022-09-30,SESASTERL
2022-09-30,SESHAPAPER
2022-09-30,SFL
2022-09-30,SHAWWALLA
2022-09-30,SHOPERSTOP
2022-09-30,SHREECEM
2022-09-30,SHRIRAMFIN
2022-09-30,SHYAMTEL
2022-09-30,SIEMENS
2022-09-30,SIS
2022-09-30,SJVN
2022-09-30,SKFINDIA
2022-09-30,SKSMICRO
2022-09-30,SOLARINDS
2022-09-30,SONATSOFTW
2022-09-30,SOUTHBANK
2022-09-30,SPARC
2022-09-30,SPICEJET
2022-09-30,SRF
2022-09-30,STAR
2022-09-30,STARCEMENT
2022-09-30,STYROLUT
2022-09-30,SUMICHEM
2022-09-30,SUNDARMFIN
2022-09-30,SUNDRMFAST
2022-09-30,SUNPHARMA
2022-09-30,SUPRAJIT
2022-09-30,SUPREMEIND
2022-09-30,SWSOLAR
2022-09-30,SYMPHONY
2022-09-30,SYNGENE
2022-09-30,SYRMA
2022-09-30,TAKE
2022-09-30,TATACOMM
2022-09-30,TATACONSUM
2022-09-30,TATAELXSI
2022-09-30,TATAINVEST
2022-09-30,TATAMETAL
2022-09-30,TATAMOTORS
2022-09-30,TATAPOWER
2022-09-30,TATASTEEL
2022-09-30,TCIEXP
2022-09-30,TCNSCLOTH
2022-09-30,TCS
2022-09-30,TEAMLEASE
2022-09-30,THERMAX
2022-09-30,THIRU
2022-09-30,THYROCARE
2022-09-30,TIINDIA
2022-09-30,TIMETECHNO
2022-09-30,TIMEX
2022-09-30,TIMKEN
2022-09-30,TITAN
2022-09-30,TMCV
2022-09-30,TORNTPHARM
2022-09-30,TORNTPOWER
2022-09-30,TRANSPEK
2022-09-30,TRENT
2022-09-30,TRIDENT
2022-09-30,TTKPRESTIG
2022-09-30,TVTODAY
2022-09-30,UBL
2022-09-30,UCALFUEL
2022-09-30,UFLEX
2022-09-30,UJJIVAN
2022-09-30,ULTRACEMCO
2022-09-30,UNIONBANK
2022-09-30,UNOMINDA
2022-09-30,URBANCO
2022-09-30,VARROC
2022-09-30,VARUN
2022-09-30,VBL
2022-09-30,VENKEYS
2022-09-30,VESUVIUS
2022-09-30,VISHAL
2022-09-30,VMART
2022-09-30,VOLTAS
2022-09-30,VTL
2022-09-30,WELENT
2022-09-30,WESTLIFE
2022-09-30,WIDIA
2022-09-30,WIMCO
2022-09-30,WINDMACH
2022-09-30,WIPRO
2022-09-30,WOCKPHARMA
2022-09-30,WSI
2022-09-30,WSTCSTPAPR
2022-09-30,ZENSARTECH
2022-09-30,ZYDUSWELL
2023-03-31,3MINDIA
2023-03-31,AARTIIND
2023-03-31,AAVAS
2023-03-31,ABB
2023-03-31,ABBOTINDIA
2023-03-31,ABCAPITAL
2023-03-31,ABREL
2023-03-31,ACC
2023-03-31,ADANIENSOL
2023-03-31,ADANIPOWER
2023-03-31,ADVENZYMES
2023-03-31,AEGISLOG
2023-03-31,AFFLE
2023-03-31,AGCNETWO
2023-03-31,AIAENG
2023-03-31,AKZOINDIA
2023-03-31,ALKEM
2023-03-31,ALLCARGO
2023-03-31,ALTOS
2023-03-31,AMBALAL
2023-03-31,AMBER
2023-03-31,AMBUJACEM
2023-03-31,APLAPOLLO
2023-03-31,APOLLOHOSP
2023-03-31,APOLLOTYRE
2023-03-31,APPAPER
2023-03-31,APPLE
2023-03-31,ARVIND
2023-03-31,ASHOKLEY
2023-03-31,ASIANPAINT
2023-03-31,ASTERDM
2023-03-31,ASTRAZENCA
2023-03-31,ATGL
2023-03-31,ATUL
2023-03-31,ATULAUTO
2023-03-31,AUBANK
2023-03-31,AVANTIFEED
2023-03-31,AVERY
2023-03-31,AXISBANK
2023-03-31,BAJAJ
2023-03-31,BAJAJ-AUTO
2023-03-31,BAJAJHLDNG
2023-03-31,BAJFINANCE
2023-03-31,BALMLAWRIE
2023-03-31,BALRAMCHIN
2023-03-31,BANKBARODA
2023-03-31,BASF
2023-03-31,BATAINDIA
2023-03-31,BAYERCROP
2023-03-31,BBTC
2023-03-31,BDL
2023-03-31,BEL
2023-03-31,BEML
2023-03-31,BERGEPAINT
2023-03-31,BHARATFORG
2023-03-31,BHARTIARTL
2023-03-31,BHEL
2023-03-31,BI
2023-03-31,BIOCON
2023-03-31,BIRLACORPN
2023-03-31,BLISSGVS
2023-03-31,BLUEDART
2023-03-31,BLUESTARCO
2023-03-31,BOMDYEING
2023-03-31,BOSCH-HCIL
2023-03-31,BOSCHLTD
2023-03-31,BPCL
2023-03-31,BRIGADE
2023-03-31,BRITANNIA
2023-03-31,BSE
2023-03-31,BSOFT
2023-03-31,CABLE
2023-03-31,CANBK
2023-03-31,CANFINHOME
2023-03-31,CAPLIN
2023-03-31,CARTRADE
2023-03-31,CASTROLIND
2023-03-31,CCL
2023-03-31,CDSL
2023-03-31,CEATLTD
2023-03-31,CENTRALBK
2023-03-31,CENTURYTEX
2023-03-31,CERA
2023-03-31,CESC
2023-03-31,CGCL
2023-03-31,CHAMBLFERT
2023-03-31,CHEMINOR
2023-03-31,CHENNPETRO
2023-03-31,CHETTINAD
2023-03-31,CHOLAFIN
2023-03-31,CHOLAHLDNG
2023-03-31,CIPLA
2023-03-31,CMC
2023-03-31,COALINDIA
2023-03-31,COCHINSHIP
2023-03-31,COFORGE
2023-03-31,COLPAL
2023-03-31,CONCOR
2023-03-31,CONSOFINVT
2023-03-31,COROMANDEL
2023-03-31,CREDITACC
2023-03-31,CRISIL
2023-03-31,CROMPTON
2023-03-31,CSBBANK
2023-03-31,CUB
2023-03-31,CUMMINSIND
2023-03-31,CYBERTECH
2023-03-31,DABUR
2023-03-31,DALMIASUG
2023-03-31,DATAPATTNS
2023-03-31,DBCORP
2023-03-31,DCAL
2023-03-31,DCLPOLYE
2023-03-31,DCW
2023-03-31,DEEPAKFERT
2023-03-31,DEEPAKNTR
2023-03-31,DEVYANI
2023-03-31,DHAMPURSUG
2023-03-31,DICIND
2023-03-31,DIGJAMLMTD
2023-03-31,DLF
2023-03-31,DMART
2023-03-31,DRREDDY
2023-03-31,DSQSOFTW
2023-03-31,ECLERX
2023-03-31,EICHERMOT
2023-03-31,EIDPARRY
2023-03-31,EIHOTEL
2023-03-31,ELECON
2023-03-31,ELGIEQUIP
2023-03-31,ELGIRUBCO
2023-03-31,ENDURANCE
2023-03-31,ENERGY
2023-03-31,ENGINERSIN
2023-03-31,ERIS
2023-03-31,ESABINDIA
2023-03-31,ESCORTS
2023-03-31,ESSAR
2023-03-31,EXCELINDUS
2023-03-31,EXIDEIND
2023-03-31,FACT
2023-03-31,FDC
2023-03-31,FEDERALBNK
2023-03-31,FINCABLES
2023-03-31,FLUOROCHEM
2023-03-31,FORTIS
2023-03-31,FOSECOIND
2023-03-31,FULFORD
2023-03-31,GAEL
2023-03-31,GAIL
2023-03-31,GALAXYSURF
2023-03-31,GANESHBE
2023-03-31,GARDEN
2023-03-31,GESHIP
2023-03-31,GHCL
2023-03-31,GICRE
2023-03-31,GILLETTE
2023-03-31,GLAND
2023-03-31,GLAXO
2023-03-31,GLENMARK
2023-03-31,GMDCLTD
2023-03-31,GMMPFAUDLR
2023-03-31,GNFC
2023-03-31,GODFRYPHLP
2023-03-31,GODREJAGRO
2023-03-31,GODREJCP
2023-03-31,GODREJIND
2023-03-31,GOKEX
2023-03-31,GOODRICKE
2023-03-31,GOODYEAR
2023-03-31,GPPL
2023-03-31,GRANULES
2023-03-31,GRAPHITE
2023-03-31,GRASIM
2023-03-31,GREAVESCOT
2023-03-31,GRINDWELL
2023-03-31,GSFC
2023-03-31,GSPL
2023-03-31,GUJALKALI
2023-03-31,GUJGASLTD
2023-03-31,GVT&D
2023-03-31,HAL
2023-03-31,HARRMALAYA
2023-03-31,HATHWAY
2023-03-31,HATSUN
2023-03-31,HAVELLS
2023-03-31,HCLTECH
2023-03-31,HDFC
2023-03-31,HDFCAMC
2023-03-31,HDFCBANK
2023-03-31,HDFCLIFE
2023-03-31,HEALTHCARE
2023-03-31,HEG
2023-03-31,HEIDELBERG
2023-03-31,HERBERTS
2023-03-31,HERITGFOOD
2023-03-31,HEROMOTOCO
2023-03-31,HEXT
2023-03-31,HIMACHAL
2023-03-31,HIMATSEIDE
2023-03-31,HINDALCO
2023-03-31,HINDCOPPER
2023-03-31,HINDPETRO
2023-03-31,HINDSYNTEX
2023-03-31,HINDUNILVR
2023-03-31,HINDUSTAN
2023-03-31,HINDZINC
2023-03-31,HOGANAS
2023-03-31,HONAUT
2023-03-31,HSCL
2023-03-31,HUBTOWN
2023-03-31,IBREALEST
2023-03-31,IBVENTURES
2023-03-31,ICICI
2023-03-31,ICICIBANK
2023-03-31,ICICIGI
2023-03-31,ICICIPRULI
2023-03-31,ICRA
2023-03-31,IDBI
2023-03-31,IDFCFIRSTB
2023-03-31,IFBIND
2023-03-31,IFCI
2023-03-31,IGL
2023-03-31,IIFL
2023-03-31,INDHOTEL
2023-03-31,INDIACEM
2023-03-31,INDIAGLYCO
2023-03-31,INDIAMART
2023-03-31,INDIANB
2023-03-31,INDIGO
2023-03-31,INDOCO
2023-03-31,INDUSINDBK
2023-03-31,INDUSTOWER
2023-03-31,INFIBEAM
2023-03-31,INFY
2023-03-31,INTELLECT
2023-03-31,IOB
2023-03-31,IOC
2023-03-31,IONEXCHANG
2023-03-31,IPCALAB
2023-03-31,IPRINGS
2023-03-31,IRCON
2023-03-31,IRCTC
2023-03-31,ISMT
2023-03-31,ITC
2023-03-31,ITDC
2023-03-31,ITI
2023-03-31,ITIETF
2023-03-31,ITWSIGNO
2023-03-31,JAGRAN
2023-03-31,JAICORPLTD
2023-03-31,JBCHEPHARM
2023-03-31,JBMA
2023-03-31,JGCHEM
2023-03-31,JINDALPHOT
2023-03-31,JINDALSAW
2023-03-31,JINDALSTEL
2023-03-31,JKCEMENT
2023-03-31,JKPAPER
2023-03-31,JKTYRE
2023-03-31,JSL
2023-03-31,JUBLFOOD
2023-03-31,JUBLINGRY
2023-03-31,KAJARIACER
2023-03-31,KANSAINER
2023-03-31,KARURVYSYA
2023-03-31,KARUTURI
2023-03-31,KEI
2023-03-31,KINETIC
2023-03-31,KMSUGAR
2023-03-31,KNRCON
2023-03-31,KOHINOOR
2023-03-31,KOTAKBANK
2023-03-31,KPEL
2023-03-31,KPITTECH
2023-03-31,KRBL
2023-03-31,KRISHNA
2023-03-31,KSB
2023-03-31,KTKBANK
2023-03-31,KUMARS
2023-03-31,LALPATHLAB
2023-03-31,LANDMARK
2023-03-31,LAOPALA
2023-03-31,LAURUSLABS
2023-03-31,LEMONTREE
2023-03-31,LICHSGFIN
2023-03-31,LINDEINDIA
2023-03-31,LT
2023-03-31,LTF
2023-03-31,LTTS
2023-03-31,LUPIN
2023-03-31,LUXIND
2023-03-31,M
2023-03-31,M&
2023-03-31,M&M
2023-03-31,MADURA
2023-03-31,MAFATIND
2023-03-31,MAHABANK
2023-03-31,MAHSCOOTER
2023-03-31,MAHSEAMLES
2023-03-31,MARICO
2023-03-31,MARUTI
2023-03-31,MASFIN
2023-03-31,MASTEK
2023-03-31,MATRIX
2023-03-31,MCX
2023-03-31,MEDPLUS
2023-03-31,MERCK
2023-03-31,MERIND
2023-03-31,METROBRAND
2023-03-31,METROPOLIS
2023-03-31,MFSL
2023-03-31,MGL
2023-03-31,MIDHANI
2023-03-31,MODIXEROX
2023-03-31,MOREPENLAB
2023-03-31,MOTHERSON
2023-03-31,MPHASIS
2023-03-31,MRF
2023-03-31,MRPL
2023-03-31,NAGARFERT
2023-03-31,NAHAR
2023-03-31,NAHARPOLY
2023-03-31,NAHARSPING
2023-03-31,NAM-INDIA
2023-03-31,NATCOPHARM
2023-03-31,NATIONAL
2023-03-31,NATIONALUM
2023-03-31,NAVA
2023-03-31,NAVINFLUOR
2023-03-31,NCC
2023-03-31,NESCO
2023-03-31,NESTLEIND
2023-03-31,NFL
2023-03-31,NH
2023-03-31,NIACL
2023-03-31,NILKAMAL
2023-03-31,NIRMA
2023-03-31,NITCO
2023-03-31,NLCINDIA
2023-03-31,NMDC
2023-03-31,NTPC
2023-03-31,NUVOCO
2023-03-31,OFSS
2023-03-31,OILCOUNTUB
2023-03-31,OLECTRA
2023-03-31,OMAXAUTO
2023-03-31,OMAXE
2023-03-31,ONELIFECAP
2023-03-31,ONGC
2023-03-31,ONIDA
2023-03-31,ORIENTCEM
2023-03-31,ORIENTELEC
2023-03-31,PATANJALI
2023-03-31,PATNI
2023-03-31,PATSPIN
2023-03-31,PCBL
2023-03-31,PDMJEPAPER
2023-03-31,PEL
2023-03-31,PENTAFOUR
2023-03-31,PENTAMEDIA
2023-03-31,PERSISTENT
2023-03-31,PETRONET
2023-03-31,PFIZER
2023-03-31,PGHL
2023-03-31,PHIL
2023-03-31,PHILIPS
2023-03-31,PHOENIX
2023-03-31,PIDILITIND
2023-03-31,PNB
2023-03-31,POLYCAB
2023-03-31,POLYMED
2023-03-31,POONAWALLA
2023-03-31,PRAJIND
2023-03-31,PREMIERENE
2023-03-31,PRESTIGE
2023-03-31,PRUDENT
2023-03-31,PSIDATA
2023-03-31,PUNJABCHEM
2023-03-31,PUNJTRACT
2023-03-31,QUESS
2023-03-31,RAASI
2023-03-31,RAIN
2023-03-31,RAJESHEXPO
2023-03-31,RALLIS
2023-03-31,RAMCOCEM
2023-03-31,RATNAMANI
2023-03-31,RAYMOND
2023-03-31,RBLBANK
2023-03-31,RCF
2023-03-31,RECKITT
2023-03-31,RECLTD
2023-03-31,REIAGRO
2023-03-31,RELAXO
2023-03-31,RELMEDIA
2023-03-31,RITES
2023-03-31,ROUTE
2023-03-31,RPGTRANS
2023-03-31,RSWM
2023-03-31,RVNL
2023-03-31,SAIL
2023-03-31,SANGHI
2023-03-31,SANOFI
2023-03-31,SAREGAMA
2023-03-31,SBICARD
2023-03-31,SBILIFE
2023-03-31,SCHAEFFLER
2023-03-31,SCHENECT
2023-03-31,SCHNEIDER
2023-03-31,SCI
2023-03-31,SCILAL
2023-03-31,SESASTERL
2023-03-31,SESHAPAPER
2023-03-31,SFL
2023-03-31,SHAWWALLA
2023-03-31,SHOPERSTOP
2023-03-31,SHREECEM
2023-03-31,SHRIRAMFIN
2023-03-31,SHYAMTEL
2023-03-31,SIEMENS
2023-03-31,SIS
2023-03-31,SJVN
2023-03-31,SKFINDIA
2023-03-31,SKSMICRO
2023-03-31,SOLARINDS
2023-03-31,SONATSOFTW
2023-03-31,SOUTHBANK
2023-03-31,SPARC
2023-03-31,SPICEJET
2023-03-31,SRF
2023-03-31,STAR
2023-03-31,STARCEMENT
2023-03-31,STYROLUT
2023-03-31,SULA
2023-03-31,SUMICHEM
2023-03-31,SUNDARMFIN
2023-03-31,SUNDRMFAST
2023-03-31,SUNPHARMA
2023-03-31,SUPRAJIT
2023-03-31,SUPREMEIND
2023-03-31,SWSOLAR
2023-03-31,SYMPHONY
2023-03-31,SYNGENE
2023-03-31,SYRMA
2023-03-31,TAKE
2023-03-31,TATACOMM
2023-03-31,TATACONSUM
2023-03-31,TATAELXSI
2023-03-31,TATAINVEST
2023-03-31,TATAMETAL
2023-03-31,TATAMOTORS
2023-03-31,TATAPOWER
2023-03-31,TATASTEEL
2023-03-31,TCIEXP
2023-03-31,TCNSCLOTH
2023-03-31,TCS
2023-03-31,TEAMLEASE
2023-03-31,THERMAX
2023-03-31,THIRU
2023-03-31,THYROCARE
2023-03-31,TIINDIA
2023-03-31,TIMETECHNO
2023-03-31,TIMEX
2023-03-31,TIMKEN
2023-03-31,TITAN
2023-03-31,TMCV
2023-03-31,TORNTPHARM
2023-03-31,TORNTPOWER
2023-03-31,TRANSPEK
2023-03-31,TRENT
2023-03-31,TRIDENT
2023-03-31,TTKPRESTIG
2023-03-31,TVTODAY
2023-03-31,UBL
2023-03-31,UCALFUEL
2023-03-31,UFLEX
2023-03-31,UJJIVAN
2023-03-31,ULTRACEMCO
2023-03-31,UNIONBANK
2023-03-31,UNOMINDA
2023-03-31,URBANCO
2023-03-31,VARROC
2023-03-31,VARUN
2023-03-31,VBL
2023-03-31,VENKEYS
2023-03-31,VESUVIUS
2023-03-31,VISHAL
2023-03-31,VMART
2023-03-31,VOLTAS
2023-03-31,VTL
2023-03-31,WELENT
2023-03-31,WESTLIFE
2023-03-31,WIDIA
2023-03-31,WIMCO
2023-03-31,WINDMACH
2023-03-31,WIPRO
2023-03-31,WOCKPHARMA
2023-03-31,WSI
2023-03-31,WSTCSTPAPR
2023-03-31,ZENSARTECH
2023-03-31,ZYDUSWELL
2023-09-30,3MINDIA
2023-09-30,AARTIIND
2023-09-30,AAVAS
2023-09-30,ABB
2023-09-30,ABBOTINDIA
2023-09-30,ABCAPITAL
2023-09-30,ABREL
2023-09-30,ACC
2023-09-30,ADANIENSOL
2023-09-30,ADANIPOWER
2023-09-30,ADVENZYMES
2023-09-30,AEGISLOG
2023-09-30,AFFLE
2023-09-30,AGCNETWO
2023-09-30,AIAENG
2023-09-30,AKZOINDIA
2023-09-30,ALKEM
2023-09-30,ALLCARGO
2023-09-30,ALTOS
2023-09-30,AMBALAL
2023-09-30,AMBER
2023-09-30,AMBUJACEM
2023-09-30,APLAPOLLO
2023-09-30,APOLLOHOSP
2023-09-30,APOLLOTYRE
2023-09-30,APPAPER
2023-09-30,APPLE
2023-09-30,ARVIND
2023-09-30,ASHOKLEY
2023-09-30,ASIANPAINT
2023-09-30,ASTERDM
2023-09-30,ASTRAZENCA
2023-09-30,ATGL
2023-09-30,ATUL
2023-09-30,ATULAUTO
2023-09-30,AUBANK
2023-09-30,AVANTIFEED
2023-09-30,AVERY
2023-09-30,AXISBANK
2023-09-30,BAJAJ
2023-09-30,BAJAJ-AUTO
2023-09-30,BAJAJHLDNG
2023-09-30,BAJFINANCE
2023-09-30,BALMLAWRIE
2023-09-30,BALRAMCHIN
2023-09-30,BANKBARODA
2023-09-30,BASF
2023-09-30,BATAINDIA
2023-09-30,BAYERCROP
2023-09-30,BBTC
2023-09-30,BDL
2023-09-30,BEL
2023-09-30,BEML
2023-09-30,BERGEPAINT
2023-09-30,BHARATFORG
2023-09-30,BHARTIARTL
2023-09-30,BHEL
2023-09-30,BI
2023-09-30,BIOCON
2023-09-30,BIRLACORPN
2023-09-30,BLISSGVS
2023-09-30,BLUEDART
2023-09-30,BLUESTARCO
2023-09-30,BOMDYEING
2023-09-30,BOSCH-HCIL
2023-09-30,BOSCHLTD
2023-09-30,BPCL
2023-09-30,BRIGADE
2023-09-30,BRITANNIA
2023-09-30,BSE
2023-09-30,BSOFT
2023-09-30,CABLE
2023-09-30,CANBK
2023-09-30,CANFINHOME
2023-09-30,CAPLIN
2023-09-30,CARTRADE
2023-09-30,CASTROLIND
2023-09-30,CCL
2023-09-30,CDSL
2023-09-30,CEATLTD
2023-09-30,CENTRALBK
2023-09-30,CENTURYTEX
2023-09-30,CERA
2023-09-30,CESC
2023-09-30,CGCL
2023-09-30,CHAMBLFERT
2023-09-30,CHEMINOR
2023-09-30,CHENNPETRO
2023-09-30,CHETTINAD
2023-09-30,CHOLAFIN
2023-09-30,CHOLAHLDNG
2023-09-30,CIPLA
2023-09-30,CMC
2023-09-30,COALINDIA
2023-09-30,COCHINSHIP
2023-09-30,COFORGE
2023-09-30,COLPAL
2023-09-30,CONCOR
2023-09-30,CONSOFINVT
2023-09-30,COROMANDEL
2023-09-30,CREDITACC
2023-09-30,CRISIL
2023-09-30,CROMPTON
2023-09-30,CSBBANK
2023-09-30,CUB
2023-09-30,CUMMINSIND
2023-09-30,CYBERTECH
2023-09-30,DABUR
2023-09-30,DALMIASUG
2023-09-30,DATAPATTNS
2023-09-30,DBCORP
2023-09-30,DCAL
2023-09-30,DCLPOLYE
2023-09-30,DCW
2023-09-30,DEEPAKFERT
2023-09-30,DEEPAKNTR
2023-09-30,DEVYANI
2023-09-30,DHAMPURSUG
2023-09-30,DICIND
2023-09-30,DIGJAMLMTD
2023-09-30,DLF
2023-09-30,DMART
2023-09-30,DRREDDY
2023-09-30,DSQSOFTW
2023-09-30,ECLERX
2023-09-30,EICHERMOT
2023-09-30,EIDPARRY
2023-09-30,EIHOTEL
2023-09-30,ELECON
2023-09-30,ELGIEQUIP
2023-09-30,ELGIRUBCO
2023-09-30,ENDURANCE
2023-09-30,ENERGY
2023-09-30,ENGINERSIN
2023-09-30,ERIS
2023-09-30,ESABINDIA
2023-09-30,ESCORTS
2023-09-30,ESSAR
2023-09-30,EXCELINDUS
2023-09-30,EXIDEIND
2023-09-30,FACT
2023-09-30,FDC
2023-09-30,FEDERALBNK
2023-09-30,FINCABLES
2023-09-30,FLUOROCHEM
2023-09-30,FORTIS
2023-09-30,FOSECOIND
2023-09-30,FULFORD
2023-09-30,GAEL
2023-09-30,GAIL
2023-09-30,GALAXYSURF
2023-09-30,GANESHBE
2023-09-30,GARDEN
2023-09-30,GESHIP
2023-09-30,GHCL
2023-09-30,GICRE
2023-09-30,GILLETTE
2023-09-30,GLAND
2023-09-30,GLAXO
2023-09-30,GLENMARK
2023-09-30,GMDCLTD
2023-09-30,GMMPFAUDLR
2023-09-30,GNFC
2023-09-30,GODFRYPHLP
2023-09-30,GODREJAGRO
2023-09-30,GODREJCP
2023-09-30,GODREJIND
2023-09-30,GOKEX
2023-09-30,GOODRICKE
2023-09-30,GOODYEAR
2023-09-30,GPPL
2023-09-30,GRANULES
2023-09-30,GRAPHITE
2023-09-30,GRASIM
2023-09-30,GREAVESCOT
2023-09-30,GRINDWELL
2023-09-30,GSFC
2023-09-30,GSPL
2023-09-30,GUJALKALI
2023-09-30,GUJGASLTD
2023-09-30,GVT&D
2023-09-30,HAL
2023-09-30,HARRMALAYA
2023-09-30,HATHWAY
2023-09-30,HATSUN
2023-09-30,HAVELLS
2023-09-30,HCLTECH
2023-09-30,HDFC
2023-09-30,HDFCAMC
2023-09-30,HDFCBANK
2023-09-30,HDFCLIFE
2023-09-30,HEALTHCARE
2023-09-30,HEG
2023-09-30,HEIDELBERG
2023-09-30,HERBERTS
2023-09-30,HERITGFOOD
2023-09-30,HEROMOTOCO
2023-09-30,HEXT
2023-09-30,HIMACHAL
2023-09-30,HIMATSEIDE
2023-09-30,HINDALCO
2023-09-30,HINDCOPPER
2023-09-30,HINDPETRO
2023-09-30,HINDSYNTEX
2023-09-30,HINDUNILVR
2023-09-30,HINDUSTAN
2023-09-30,HINDZINC
2023-09-30,HOGANAS
2023-09-30,HONAUT
2023-09-30,HSCL
2023-09-30,HUBTOWN
2023-09-30,IBREALEST
2023-09-30,IBVENTURES
2023-09-30,ICICI
2023-09-30,ICICIBANK
2023-09-30,ICICIGI
2023-09-30,ICICIPRULI
2023-09-30,ICRA
2023-09-30,IDBI
2023-09-30,IDFCFIRSTB
2023-09-30,IFBIND
2023-09-30,IFCI
2023-09-30,IGL
2023-09-30,IIFL
2023-09-30,INDHOTEL
2023-09-30,INDIACEM
2023-09-30,INDIAGLYCO
2023-09-30,INDIAMART
2023-09-30,INDIANB
2023-09-30,INDIGO
2023-09-30,INDOCO
2023-09-30,INDUSINDBK
2023-09-30,INDUSTOWER
2023-09-30,INFIBEAM
2023-09-30,INFY
2023-09-30,INTELLECT
2023-09-30,IOB
2023-09-30,IOC
2023-09-30,IONEXCHANG
2023-09-30,IPCALAB
2023-09-30,IPRINGS
2023-09-30,IRCON
2023-09-30,IRCTC
2023-09-30,ISMT
2023-09-30,ITC
2023-09-30,ITDC
2023-09-30,ITI
2023-09-30,ITIETF
2023-09-30,ITWSIGNO
2023-09-30,JAGRAN
2023-09-30,JAICORPLTD
2023-09-30,JBCHEPHARM
2023-09-30,JBMA
2023-09-30,JGCHEM
2023-09-30,JINDALPHOT
2023-09-30,JINDALSAW
2023-09-30,JINDALSTEL
2023-09-30,JKCEMENT
2023-09-30,JKPAPER
2023-09-30,JKTYRE
2023-09-30,JSL
2023-09-30,JUBLFOOD
2023-09-30,JUBLINGRY
2023-09-30,KAJARIACER
2023-09-30,KANSAINER
2023-09-30,KARURVYSYA
2023-09-30,KARUTURI
2023-09-30,KEI
2023-09-30,KINETIC
2023-09-30,KMSUGAR
2023-09-30,KNRCON
2023-09-30,KOHINOOR
2023-09-30,KOTAKBANK
2023-09-30,KPEL
2023-09-30,KPITTECH
2023-09-30,KRBL
2023-09-30,KRISHNA
2023-09-30,KSB
2023-09-30,KTKBANK
2023-09-30,KUMARS
2023-09-30,LALPATHLAB
2023-09-30,LANDMARK
2023-09-30,LAOPALA
2023-09-30,LAURUSLABS
2023-09-30,LEMONTREE
2023-09-30,LICHSGFIN
2023-09-30,LINDEINDIA
2023-09-30,LT
2023-09-30,LTF
2023-09-30,LTTS
2023-09-30,LUPIN
2023-09-30,M
2023-09-30,M&
2023-09-30,M&M
2023-09-30,MADURA
2023-09-30,MAFATIND
2023-09-30,MAHABANK
2023-09-30,MAHSCOOTER
2023-09-30,MAHSEAMLES
2023-09-30,MARICO
2023-09-30,MARUTI
2023-09-30,MASFIN
2023-09-30,MASTEK
2023-09-30,MATRIX
2023-09-30,MCX
2023-09-30,MEDPLUS
2023-09-30,MERCK
2023-09-30,MERIND
2023-09-30,METROBRAND
2023-09-30,METROPOLIS
2023-09-30,MFSL
2023-09-30,MGL
2023-09-30,MIDHANI
2023-09-30,MODIXEROX
2023-09-30,MOREPENLAB
2023-09-30,MOTHERSON
2023-09-30,MPHASIS
2023-09-30,MRF
2023-09-30,MRPL
2023-09-30,NAGARFERT
2023-09-30,NAHAR
2023-09-30,NAHARPOLY
2023-09-30,NAHARSPING
2023-09-30,NAM-INDIA
2023-09-30,NATCOPHARM
2023-09-30,NATIONAL
2023-09-30,NATIONALUM
2023-09-30,NAVA
2023-09-30,NAVINFLUOR
2023-09-30,NCC
2023-09-30,NESCO
2023-09-30,NESTLEIND
2023-09-30,NETWEB
2023-09-30,NFL
2023-09-30,NH
2023-09-30,NIACL
2023-09-30,NILKAMAL
2023-09-30,NIRMA
2023-09-30,NITCO
2023-09-30,NLCINDIA
2023-09-30,NMDC
2023-09-30,NTPC
2023-09-30,NUVOCO
2023-09-30,OFSS
2023-09-30,OILCOUNTUB
2023-09-30,OLECTRA
2023-09-30,OMAXAUTO
2023-09-30,OMAXE
2023-09-30,ONELIFECAP
2023-09-30,ONGC
2023-09-30,ONIDA
2023-09-30,ORIENTCEM
2023-09-30,ORIENTELEC
2023-09-30,PATANJALI
2023-09-30,PATNI
2023-09-30,PATSPIN
2023-09-30,PCBL
2023-09-30,PDMJEPAPER
2023-09-30,PEL
2023-09-30,PENTAFOUR
2023-09-30,PENTAMEDIA
2023-09-30,PERSISTENT
2023-09-30,PETRONET
2023-09-30,PFIZER
2023-09-30,PGHL
2023-09-30,PHILIPS
2023-09-30,PHOENIX
2023-09-30,PIDILITIND
2023-09-30,PNB
2023-09-30,POLYCAB
2023-09-30,POLYMED
2023-09-30,POONAWALLA
2023-09-30,PRAJIND
2023-09-30,PREMIERENE
2023-09-30,PRESTIGE
2023-09-30,PRUDENT
2023-09-30,PSIDATA
2023-09-30,PUNJABCHEM
2023-09-30,PUNJTRACT
2023-09-30,QUESS
2023-09-30,RAASI
2023-09-30,RAIN
2023-09-30,RAJESHEXPO
2023-09-30,RALLIS
2023-09-30,RAMCOCEM
2023-09-30,RATNAMANI
2023-09-30,RAYMOND
2023-09-30,RBLBANK
2023-09-30,RCF
2023-09-30,RECKITT
2023-09-30,RECLTD
2023-09-30,REIAGRO
2023-09-30,RELAXO
2023-09-30,RELMEDIA
2023-09-30,RITES
2023-09-30,ROUTE
2023-09-30,RPGTRANS
2023-09-30,RSWM
2023-09-30,RVNL
2023-09-30,SAIL
2023-09-30,SANGHI
2023-09-30,SANOFI
2023-09-30,SAREGAMA
2023-09-30,SBICARD
2023-09-30,SBILIFE
2023-09-30,SCHAEFFLER
2023-09-30,SCHENECT
2023-09-30,SCHNEIDER
2023-09-30,SCI
2023-09-30,SCILAL
2023-09-30,SESASTERL
2023-09-30,SESHAPAPER
2023-09-30,SFL
2023-09-30,SHAWWALLA
2023-09-30,SHOPERSTOP
2023-09-30,SHREECEM
2023-09-30,SHRIRAMFIN
2023-09-30,SHYAMTEL
2023-09-30,SIEMENS
2023-09-30,SIS
2023-09-30,SJVN
2023-09-30,SKFINDIA
2023-09-30,SKSMICRO
2023-09-30,SOLARINDS
2023-09-30,SONATSOFTW
2023-09-30,SOUTHBANK
2023-09-30,SPARC
2023-09-30,SPICEJET
2023-09-30,SRF
2023-09-30,STAR
2023-09-30,STARCEMENT
2023-09-30,STYROLUT
2023-09-30,SULA
2023-09-30,SUMICHEM
2023-09-30,SUNDARMFIN
2023-09-30,SUNDRMFAST
2023-09-30,SUNPHARMA
2023-09-30,SUPRAJIT
2023-09-30,SUPREMEIND
2023-09-30,SWSOLAR
2023-09-30,SYMPHONY
2023-09-30,SYNGENE
2023-09-30,SYRMA
2023-09-30,TAKE
2023-09-30,TATACOMM
2023-09-30,TATACONSUM
2023-09-30,TATAELXSI
2023-09-30,TATAINVEST
2023-09-30,TATAMETAL
2023-09-30,TATAMOTORS
2023-09-30,TATAPOWER
2023-09-30,TATASTEEL
2023-09-30,TCIEXP
2023-09-30,TCNSCLOTH
2023-09-30,TCS
2023-09-30,TEAMLEASE
2023-09-30,THERMAX
2023-09-30,THIRU
2023-09-30,THYROCARE
2023-09-30,TIINDIA
2023-09-30,TIMETECHNO
2023-09-30,TIMEX
2023-09-30,TIMKEN
2023-09-30,TITAN
2023-09-30,TMCV
2023-09-30,TORNTPHARM
2023-09-30,TORNTPOWER
2023-09-30,TRANSPEK
2023-09-30,TRENT
2023-09-30,TRIDENT
2023-09-30,TTKPRESTIG
2023-09-30,TVTODAY
2023-09-30,UBL
2023-09-30,UCALFUEL
2023-09-30,UFLEX
2023-09-30,UJJIVAN
2023-09-30,ULTRACEMCO
2023-09-30,UNIONBANK
2023-09-30,UNOMINDA
2023-09-30,URBANCO
2023-09-30,UTKARSHBNK
2023-09-30,VARROC
2023-09-30,VARUN
2023-09-30,VBL
2023-09-30,VENKEYS
2023-09-30,VESUVIUS
2023-09-30,VISHAL
2023-09-30,VMART
2023-09-30,VOLTAS
2023-09-30,VTL
2023-09-30,WELENT
2023-09-30,WESTLIFE
2023-09-30,WIDIA
2023-09-30,WIMCO
2023-09-30,WINDMACH
2023-09-30,WIPRO
2023-09-30,WOCKPHARMA
2023-09-30,WSI
2023-09-30,WSTCSTPAPR
2023-09-30,ZENSARTECH
2023-09-30,ZYDUSWELL
2024-03-31,3MINDIA
2024-03-31,AARTIIND
2024-03-31,AAVAS
2024-03-31,ABB
2024-03-31,ABBOTINDIA
2024-03-31,ABCAPITAL
2024-03-31,ABREL
2024-03-31,ACC
2024-03-31,ADANIENSOL
2024-03-31,ADANIPOWER
2024-03-31,ADVENZYMES
2024-03-31,AEGISLOG
2024-03-31,AFFLE
2024-03-31,AGCNETWO
2024-03-31,AIAENG
2024-03-31,AKZOINDIA
2024-03-31,ALKEM
2024-03-31,ALLCARGO
2024-03-31,ALTOS
2024-03-31,AMBALAL
2024-03-31,AMBER
2024-03-31,AMBUJACEM
2024-03-31,APLAPOLLO
2024-03-31,APOLLOHOSP
2024-03-31,APOLLOTYRE
2024-03-31,APPAPER
2024-03-31,APPLE
2024-03-31,ARVIND
2024-03-31,ASHOKLEY
2024-03-31,ASIANPAINT
2024-03-31,ASTERDM
2024-03-31,ASTRAZENCA
2024-03-31,ATGL
2024-03-31,ATUL
2024-03-31,ATULAUTO
2024-03-31,AUBANK
2024-03-31,AVANTIFEED
2024-03-31,AVERY
2024-03-31,AXISBANK
2024-03-31,AZAD
2024-03-31,BAJAJ
2024-03-31,BAJAJ-AUTO
2024-03-31,BAJAJHLDNG
2024-03-31,BAJFINANCE
2024-03-31,BALMLAWRIE
2024-03-31,BALRAMCHIN
2024-03-31,BANKBARODA
2024-03-31,BASF
2024-03-31,BATAINDIA
2024-03-31,BAYERCROP
2024-03-31,BBTC
2024-03-31,BDL
2024-03-31,BEL
2024-03-31,BEML
2024-03-31,BERGEPAINT
2024-03-31,BHARATFORG
2024-03-31,BHARTIARTL
2024-03-31,BHEL
2024-03-31,BI
2024-03-31,BIOCON
2024-03-31,BIRLACORPN
2024-03-31,BLISSGVS
2024-03-31,BLUEDART
2024-03-31,BLUESTARCO
2024-03-31,BOMDYEING
2024-03-31,BOSCH-HCIL
2024-03-31,BOSCHLTD
2024-03-31,BPCL
2024-03-31,BRIGADE
2024-03-31,BRITANNIA
2024-03-31,BSE
2024-03-31,BSOFT
2024-03-31,CABLE
2024-03-31,CANBK
2024-03-31,CANFINHOME
2024-03-31,CAPLIN
2024-03-31,CARTRADE
2024-03-31,CASTROLIND
2024-03-31,CCL
2024-03-31,CDSL
2024-03-31,CEATLTD
2024-03-31,CENTRALBK
2024-03-31,CENTURYTEX
2024-03-31,CERA
2024-03-31,CESC
2024-03-31,CGCL
2024-03-31,CHAMBLFERT
2024-03-31,CHEMINOR
2024-03-31,CHENNPETRO
2024-03-31,CHETTINAD
2024-03-31,CHOLAFIN
2024-03-31,CHOLAHLDNG
2024-03-31,CIPLA
2024-03-31,CMC
2024-03-31,COALINDIA
2024-03-31,COCHINSHIP
2024-03-31,COFORGE
2024-03-31,COLPAL
2024-03-31,CONCOR
2024-03-31,CONSOFINVT
2024-03-31,COROMANDEL
2024-03-31,CREDITACC
2024-03-31,CRISIL
2024-03-31,CROMPTON
2024-03-31,CSBBANK
2024-03-31,CUB
2024-03-31,CUMMINSIND
2024-03-31,CYBERTECH
2024-03-31,DABUR
2024-03-31,DALMIASUG
2024-03-31,DATAPATTNS
2024-03-31,DBCORP
2024-03-31,DCAL
2024-03-31,DCLPOLYE
2024-03-31,DCW
2024-03-31,DEEPAKFERT
2024-03-31,DEEPAKNTR
2024-03-31,DEVYANI
2024-03-31,DHAMPURSUG
2024-03-31,DICIND
2024-03-31,DIGJAMLMTD
2024-03-31,DLF
2024-03-31,DMART
2024-03-31,DRREDDY
2024-03-31,DSQSOFTW
2024-03-31,ECLERX
2024-03-31,EICHERMOT
2024-03-31,EIDPARRY
2024-03-31,EIHOTEL
2024-03-31,ELECON
2024-03-31,ELGIEQUIP
2024-03-31,ELGIRUBCO
2024-03-31,ENDURANCE
2024-03-31,ENERGY
2024-03-31,ENGINERSIN
2024-03-31,ERIS
2024-03-31,ESABINDIA
2024-03-31,ESCORTS
2024-03-31,ESSAR
2024-03-31,EXCELINDUS
2024-03-31,EXIDEIND
2024-03-31,FACT
2024-03-31,FDC
2024-03-31,FEDERALBNK
2024-03-31,FINCABLES
2024-03-31,FLUOROCHEM
2024-03-31,FORTIS
2024-03-31,FOSECOIND
2024-03-31,FULFORD
2024-03-31,GAEL
2024-03-31,GAIL
2024-03-31,GALAXYSURF
2024-03-31,GANESHBE
2024-03-31,GARDEN
2024-03-31,GESHIP
2024-03-31,GHCL
2024-03-31,GICRE
2024-03-31,GILLETTE
2024-03-31,GLAND
2024-03-31,GLAXO
2024-03-31,GLENMARK
2024-03-31,GMDCLTD
2024-03-31,GMMPFAUDLR
2024-03-31,GNFC
2024-03-31,GODFRYPHLP
2024-03-31,GODREJAGRO
2024-03-31,GODREJCP
2024-03-31,GODREJIND
2024-03-31,GOKEX
2024-03-31,GOODRICKE
2024-03-31,GOODYEAR
2024-03-31,GPPL
2024-03-31,GRANULES
2024-03-31,GRAPHITE
2024-03-31,GRASIM
2024-03-31,GREAVESCOT
2024-03-31,GRINDWELL
2024-03-31,GSFC
2024-03-31,GSPL
2024-03-31,GUJALKALI
2024-03-31,GUJGASLTD
2024-03-31,GVT&D
2024-03-31,HAL
2024-03-31,HARRMALAYA
2024-03-31,HATHWAY
2024-03-31,HATSUN
2024-03-31,HAVELLS
2024-03-31,HCLTECH
2024-03-31,HDFC
2024-03-31,HDFCAMC
2024-03-31,HDFCBANK
2024-03-31,HDFCLIFE
2024-03-31,HEALTHCARE
2024-03-31,HEG
2024-03-31,HEIDELBERG
2024-03-31,HERBERTS
2024-03-31,HERITGFOOD
2024-03-31,HEROMOTOCO
2024-03-31,HEXT
2024-03-31,HIMACHAL
2024-03-31,HIMATSEIDE
2024-03-31,HINDALCO
2024-03-31,HINDCOPPER
2024-03-31,HINDPETRO
2024-03-31,HINDSYNTEX
2024-03-31,HINDUNILVR
2024-03-31,HINDZINC
2024-03-31,HOGANAS
2024-03-31,HONASA
2024-03-31,HONAUT
2024-03-31,HSCL
2024-03-31,HUBTOWN
2024-03-31,IBREALEST
2024-03-31,IBVENTURES
2024-03-31,ICICI
2024-03-31,ICICIBANK
2024-03-31,ICICIGI
2024-03-31,ICICIPRULI
2024-03-31,ICRA
2024-03-31,IDBI
2024-03-31,IDFCFIRSTB
2024-03-31,IFBIND
2024-03-31,IFCI
2024-03-31,IGL
2024-03-31,IIFL
2024-03-31,INDHOTEL
2024-03-31,INDIACEM
2024-03-31,INDIAGLYCO
2024-03-31,INDIAMART
2024-03-31,INDIANB
2024-03-31,INDIGO
2024-03-31,INDOCO
2024-03-31,INDUSINDBK
2024-03-31,INDUSTOWER
2024-03-31,INFIBEAM
2024-03-31,INFY
2024-03-31,INTELLECT
2024-03-31,IOB
2024-03-31,IOC
2024-03-31,IONEXCHANG
2024-03-31,IPCALAB
2024-03-31,IPRINGS
2024-03-31,IRCON
2024-03-31,IRCTC
2024-03-31,ISMT
2024-03-31,ITC
2024-03-31,ITDC
2024-03-31,ITI
2024-03-31,ITIETF
2024-03-31,ITWSIGNO
2024-03-31,JAGRAN
2024-03-31,JAICORPLTD
2024-03-31,JBCHEPHARM
2024-03-31,JBMA
2024-03-31,JGCHEM
2024-03-31,JINDALPHOT
2024-03-31,JINDALSAW
2024-03-31,JINDALSTEL
2024-03-31,JKCEMENT
2024-03-31,JKPAPER
2024-03-31,JKTYRE
2024-03-31,JSL
2024-03-31,JUBLFOOD
2024-03-31,JUBLINGRY
2024-03-31,KAJARIACER
2024-03-31,KANSAINER
2024-03-31,KARURVYSYA
2024-03-31,KARUTURI
2024-03-31,KEI
2024-03-31,KINETIC
2024-03-31,KMSUGAR
2024-03-31,KNRCON
2024-03-31,KOHINOOR
2024-03-31,KOTAKBANK
2024-03-31,KPEL
2024-03-31,KPITTECH
2024-03-31,KRBL
2024-03-31,KRISHNA
2024-03-31,KSB
2024-03-31,KTKBANK
2024-03-31,KUMARS
2024-03-31,LALPATHLAB
2024-03-31,LANDMARK
2024-03-31,LAOPALA
2024-03-31,LAURUSLABS
2024-03-31,LEMONTREE
2024-03-31,LICHSGFIN
2024-03-31,LINDEINDIA
2024-03-31,LT
2024-03-31,LTF
2024-03-31,LTTS
2024-03-31,LUPIN
2024-03-31,M
2024-03-31,M&
2024-03-31,M&M
2024-03-31,MADURA
2024-03-31,MAFATIND
2024-03-31,MAHABANK
2024-03-31,MAHSCOOTER
2024-03-31,MAHSEAMLES
2024-03-31,MARICO
2024-03-31,MARUTI
2024-03-31,MASFIN
2024-03-31,MASTEK
2024-03-31,MATRIX
2024-03-31,MCX
2024-03-31,MEDPLUS
2024-03-31,MERCK
2024-03-31,MERIND
2024-03-31,METROBRAND
2024-03-31,METROPOLIS
2024-03-31,MFSL
2024-03-31,MGL
2024-03-31,MIDHANI
2024-03-31,MODIXEROX
2024-03-31,MOREPENLAB
2024-03-31,MOTHERSON
2024-03-31,MPHASIS
2024-03-31,MRF
2024-03-31,MRPL
2024-03-31,NAGARFERT
2024-03-31,NAHARPOLY
2024-03-31,NAHARSPING
2024-03-31,NAM-INDIA
2024-03-31,NATCOPHARM
2024-03-31,NATIONAL
2024-03-31,NATIONALUM
2024-03-31,NAVA
2024-03-31,NAVINFLUOR
2024-03-31,NCC
2024-03-31,NESCO
2024-03-31,NESTLEIND
2024-03-31,NETWEB
2024-03-31,NFL
2024-03-31,NH
2024-03-31,NIACL
2024-03-31,NILKAMAL
2024-03-31,NIRMA
2024-03-31,NITCO
2024-03-31,NLCINDIA
2024-03-31,NMDC
2024-03-31,NTPC
2024-03-31,NUVOCO
2024-03-31,OFSS
2024-03-31,OILCOUNTUB
2024-03-31,OLECTRA
2024-03-31,OMAXAUTO
2024-03-31,OMAXE
2024-03-31,ONELIFECAP
2024-03-31,ONGC
2024-03-31,ONIDA
2024-03-31,ORIENTCEM
2024-03-31,ORIENTELEC
2024-03-31,PATANJALI
2024-03-31,PATNI
2024-03-31,PATSPIN
2024-03-31,PCBL
2024-03-31,PDMJEPAPER
2024-03-31,PEL
2024-03-31,PENTAFOUR
2024-03-31,PENTAMEDIA
2024-03-31,PERSISTENT
2024-03-31,PETRONET
2024-03-31,PFIZER
2024-03-31,PGHL
2024-03-31,PHILIPS
2024-03-31,PHOENIX
2024-03-31,PIDILITIND
2024-03-31,PNB
2024-03-31,POLYCAB
2024-03-31,POLYMED
2024-03-31,POONAWALLA
2024-03-31,PRAJIND
2024-03-31,PREMIERENE
2024-03-31,PRESTIGE
2024-03-31,PRUDENT
2024-03-31,PSIDATA
2024-03-31,PUNJABCHEM
2024-03-31,PUNJTRACT
2024-03-31,QUESS
2024-03-31,RAASI
2024-03-31,RAIN
2024-03-31,RAJESHEXPO
2024-03-31,RALLIS
2024-03-31,RAMCOCEM
2024-03-31,RATNAMANI
2024-03-31,RAYMOND
2024-03-31,RBLBANK
2024-03-31,RCF
2024-03-31,RECKITT
2024-03-31,RECLTD
2024-03-31,REIAGRO
2024-03-31,RELAXO
2024-03-31,RELMEDIA
2024-03-31,RITES
2024-03-31,ROUTE
2024-03-31,RPGTRANS
2024-03-31,RSWM
2024-03-31,RVNL
2024-03-31,SAIL
2024-03-31,SANGHI
2024-03-31,SANOFI
2024-03-31,SAREGAMA
2024-03-31,SBICARD
2024-03-31,SBILIFE
2024-03-31,SCHAEFFLER
2024-03-31,SCHENECT
2024-03-31,SCHNEIDER
2024-03-31,SCI
2024-03-31,SCILAL
2024-03-31,SESASTERL
2024-03-31,SESHAPAPER
2024-03-31,SFL
2024-03-31,SHAWWALLA
2024-03-31,SHOPERSTOP
2024-03-31,SHREECEM
2024-03-31,SHRIRAMFIN
2024-03-31,SHYAMTEL
2024-03-31,SIEMENS
2024-03-31,SIS
2024-03-31,SJVN
2024-03-31,SKFINDIA
2024-03-31,SKSMICRO
2024-03-31,SOLARINDS
2024-03-31,SONATSOFTW
2024-03-31,SOUTHBANK
2024-03-31,SPARC
2024-03-31,SPICEJET
2024-03-31,SRF
2024-03-31,STAR
2024-03-31,STARCEMENT
2024-03-31,STYROLUT
2024-03-31,SULA
2024-03-31,SUMICHEM
2024-03-31,SUNDARMFIN
2024-03-31,SUNDRMFAST
2024-03-31,SUNPHARMA
2024-03-31,SUPRAJIT
2024-03-31,SUPREMEIND
2024-03-31,SWSOLAR
2024-03-31,SYMPHONY
2024-03-31,SYNGENE
2024-03-31,SYRMA
2024-03-31,TAKE
2024-03-31,TATACOMM
2024-03-31,TATACONSUM
2024-03-31,TATAELXSI
2024-03-31,TATAINVEST
2024-03-31,TATAMETAL
2024-03-31,TATAMOTORS
2024-03-31,TATAPOWER
2024-03-31,TATASTEEL
2024-03-31,TCIEXP
2024-03-31,TCNSCLOTH
2024-03-31,TCS
2024-03-31,TEAMLEASE
2024-03-31,THERMAX
2024-03-31,THIRU
2024-03-31,THYROCARE
2024-03-31,TIINDIA
2024-03-31,TIMETECHNO
2024-03-31,TIMEX
2024-03-31,TIMKEN
2024-03-31,TITAN
2024-03-31,TMCV
2024-03-31,TORNTPHARM
2024-03-31,TORNTPOWER
2024-03-31,TRANSPEK
2024-03-31,TRENT
2024-03-31,TRIDENT
2024-03-31,TTKPRESTIG
2024-03-31,TVTODAY
2024-03-31,UBL
2024-03-31,UCALFUEL
2024-03-31,UFLEX
2024-03-31,UJJIVAN
2024-03-31,ULTRACEMCO
2024-03-31,UNIONBANK
2024-03-31,UNOMINDA
2024-03-31,URBANCO
2024-03-31,UTKARSHBNK
2024-03-31,VARROC
2024-03-31,VARUN
2024-03-31,VBL
2024-03-31,VENKEYS
2024-03-31,VESUVIUS
2024-03-31,VISHAL
2024-03-31,VMART
2024-03-31,VOLTAS
2024-03-31,VTL
2024-03-31,WELENT
2024-03-31,WESTLIFE
2024-03-31,WIDIA
2024-03-31,WIMCO
2024-03-31,WINDMACH
2024-03-31,WIPRO
2024-03-31,WOCKPHARMA
2024-03-31,WSI
2024-03-31,WSTCSTPAPR
2024-03-31,ZENSARTECH
2024-03-31,ZYDUSWELL
2024-09-30,3MINDIA
2024-09-30,AARTIIND
2024-09-30,AAVAS
2024-09-30,ABB
2024-09-30,ABBOTINDIA
2024-09-30,ABCAPITAL
2024-09-30,ABREL
2024-09-30,ACC
2024-09-30,ADANIENSOL
2024-09-30,ADANIPOWER
2024-09-30,ADVENZYMES
2024-09-30,AEGISLOG
2024-09-30,AFFLE
2024-09-30,AGCNETWO
2024-09-30,AIAENG
2024-09-30,AKZOINDIA
2024-09-30,ALKEM
2024-09-30,ALLCARGO
2024-09-30,ALTOS
2024-09-30,AMBALAL
2024-09-30,AMBER
2024-09-30,AMBUJACEM
2024-09-30,APLAPOLLO
2024-09-30,APOLLOHOSP
2024-09-30,APOLLOTYRE
2024-09-30,APPAPER
2024-09-30,APPLE
2024-09-30,ARVIND
2024-09-30,ASHOKLEY
2024-09-30,ASIANPAINT
2024-09-30,ASTERDM
2024-09-30,ASTRAZENCA
2024-09-30,ATGL
2024-09-30,ATUL
2024-09-30,ATULAUTO
2024-09-30,AUBANK
2024-09-30,AVANTIFEED
2024-09-30,AVERY
2024-09-30,AWFIS
2024-09-30,AXISBANK
2024-09-30,AZAD
2024-09-30,BAJAJ
2024-09-30,BAJAJ-AUTO
2024-09-30,BAJAJHLDNG
2024-09-30,BAJFINANCE
2024-09-30,BALMLAWRIE
2024-09-30,BALRAMCHIN
2024-09-30,BANKBARODA
2024-09-30,BASF
2024-09-30,BATAINDIA
2024-09-30,BAYERCROP
2024-09-30,BBTC
2024-09-30,BDL
2024-09-30,BEL
2024-09-30,BEML
2024-09-30,BERGEPAINT
2024-09-30,BHARATFORG
2024-09-30,BHARTIARTL
2024-09-30,BHEL
2024-09-30,BI
2024-09-30,BIOCON
2024-09-30,BIRLACORPN
2024-09-30,BLISSGVS
2024-09-30,BLUEDART
2024-09-30,BLUESTARCO
2024-09-30,BOMDYEING
2024-09-30,BOSCH-HCIL
2024-09-30,BOSCHLTD
2024-09-30,BPCL
2024-09-30,BRIGADE
2024-09-30,BRITANNIA
2024-09-30,BSE
2024-09-30,BSOFT
2024-09-30,CABLE
2024-09-30,CANBK
2024-09-30,CANFINHOME
2024-09-30,CAPLIN
2024-09-30,CARTRADE
2024-09-30,CASTROLIND
2024-09-30,CCL
2024-09-30,CDSL
2024-09-30,CEATLTD
2024-09-30,CENTRALBK
2024-09-30,CENTURYTEX
2024-09-30,CERA
2024-09-30,CESC
2024-09-30,CGCL
2024-09-30,CHAMBLFERT
2024-09-30,CHEMINOR
2024-09-30,CHENNPETRO
2024-09-30,CHETTINAD
2024-09-30,CHOLAFIN
2024-09-30,CHOLAHLDNG
2024-09-30,CIPLA
2024-09-30,CMC
2024-09-30,COALINDIA
2024-09-30,COCHINSHIP
2024-09-30,COFORGE
2024-09-30,COLPAL
2024-09-30,CONCOR
2024-09-30,CONSOFINVT
2024-09-30,COROMANDEL
2024-09-30,CREDITACC
2024-09-30,CRISIL
2024-09-30,CROMPTON
2024-09-30,CSBBANK
2024-09-30,CUB
2024-09-30,CUMMINSIND
2024-09-30,CYBERTECH
2024-09-30,DABUR
2024-09-30,DALMIASUG
2024-09-30,DATAPATTNS
2024-09-30,DBCORP
2024-09-30,DCAL
2024-09-30,DCLPOLYE
2024-09-30,DCW
2024-09-30,DEEPAKFERT
2024-09-30,DEEPAKNTR
2024-09-30,DEVYANI
2024-09-30,DHAMPURSUG
2024-09-30,DICIND
2024-09-30,DIGJAMLMTD
2024-09-30,DLF
2024-09-30,DMART
2024-09-30,DRREDDY
2024-09-30,DSQSOFTW
2024-09-30,ECLERX
2024-09-30,EICHERMOT
2024-09-30,EIDPARRY
2024-09-30,EIHOTEL
2024-09-30,ELECON
2024-09-30,ELGIEQUIP
2024-09-30,ELGIRUBCO
2024-09-30,ENDURANCE
2024-09-30,ENERGY
2024-09-30,ENGINERSIN
2024-09-30,ERIS
2024-09-30,ESABINDIA
2024-09-30,ESCORTS
2024-09-30,ESSAR
2024-09-30,EXCELINDUS
2024-09-30,EXIDEIND
2024-09-30,FACT
2024-09-30,FDC
2024-09-30,FEDERALBNK
2024-09-30,FINCABLES
2024-09-30,FLUOROCHEM
2024-09-30,FORTIS
2024-09-30,FOSECOIND
2024-09-30,FULFORD
2024-09-30,GAEL
2024-09-30,GAIL
2024-09-30,GALAXYSURF
2024-09-30,GANESHBE
2024-09-30,GARDEN
2024-09-30,GESHIP
2024-09-30,GHCL
2024-09-30,GICRE
2024-09-30,GILLETTE
2024-09-30,GLAND
2024-09-30,GLAXO
2024-09-30,GLENMARK
2024-09-30,GMDCLTD
2024-09-30,GMMPFAUDLR
2024-09-30,GNFC
2024-09-30,GODFRYPHLP
2024-09-30,GODREJAGRO
2024-09-30,GODREJCP
2024-09-30,GODREJIND
2024-09-30,GOKEX
2024-09-30,GOODRICKE
2024-09-30,GOODYEAR
2024-09-30,GPPL
2024-09-30,GRANULES
2024-09-30,GRAPHITE
2024-09-30,GRASIM
2024-09-30,GREAVESCOT
2024-09-30,GRINDWELL
2024-09-30,GSFC
2024-09-30,GSPL
2024-09-30,GUJALKALI
2024-09-30,GUJGASLTD
2024-09-30,GVT&D
2024-09-30,HAL
2024-09-30,HARRMALAYA
2024-09-30,HATHWAY
2024-09-30,HATSUN
2024-09-30,HAVELLS
2024-09-30,HCLTECH
2024-09-30,HDFC
2024-09-30,HDFCAMC
2024-09-30,HDFCBANK
2024-09-30,HDFCLIFE
2024-09-30,HEALTHCARE
2024-09-30,HEG
2024-09-30,HEIDELBERG
2024-09-30,HERBERTS
2024-09-30,HERITGFOOD
2024-09-30,HEROMOTOCO
2024-09-30,HEXT
2024-09-30,HIMACHAL
2024-09-30,HIMATSEIDE
2024-09-30,HINDALCO
2024-09-30,HINDCOPPER
2024-09-30,HINDPETRO
2024-09-30,HINDSYNTEX
2024-09-30,HINDUNILVR
2024-09-30,HINDZINC
2024-09-30,HOGANAS
2024-09-30,HONASA
2024-09-30,HONAUT
2024-09-30,HSCL
2024-09-30,HUBTOWN
2024-09-30,IBREALEST
2024-09-30,IBVENTURES
2024-09-30,ICICI
2024-09-30,ICICIBANK
2024-09-30,ICICIGI
2024-09-30,ICICIPRULI
2024-09-30,ICRA
2024-09-30,IDBI
2024-09-30,IDFCFIRSTB
2024-09-30,IFBIND
2024-09-30,IFCI
2024-09-30,IGL
2024-09-30,IIFL
2024-09-30,INDHOTEL
2024-09-30,INDIACEM
2024-09-30,INDIAGLYCO
2024-09-30,INDIAMART
2024-09-30,INDIANB
2024-09-30,INDIGO
2024-09-30,INDOCO
2024-09-30,INDUSINDBK
2024-09-30,INDUSTOWER
2024-09-30,INFIBEAM
2024-09-30,INFY
2024-09-30,INTELLECT
2024-09-30,IOB
2024-09-30,IOC
2024-09-30,IONEXCHANG
2024-09-30,IPCALAB
2024-09-30,IPRINGS
2024-09-30,IRCON
2024-09-30,IRCTC
2024-09-30,ISMT
2024-09-30,ITC
2024-09-30,ITDC
2024-09-30,ITI
2024-09-30,ITIETF
2024-09-30,ITWSIGNO
2024-09-30,JAGRAN
2024-09-30,JAICORPLTD
2024-09-30,JBCHEPHARM
2024-09-30,JBMA
2024-09-30,JGCHEM
2024-09-30,JINDALPHOT
2024-09-30,JINDALSAW
2024-09-30,JINDALSTEL
2024-09-30,JKCEMENT
2024-09-30,JKPAPER
2024-09-30,JKTYRE
2024-09-30,JSL
2024-09-30,JUBLFOOD
2024-09-30,JUBLINGRY
2024-09-30,KAJARIACER
2024-09-30,KANSAINER
2024-09-30,KARURVYSYA
2024-09-30,KARUTURI
2024-09-30,KEI
2024-09-30,KINETIC
2024-09-30,KMSUGAR
2024-09-30,KNRCON
2024-09-30,KOHINOOR
2024-09-30,KOTAKBANK
2024-09-30,KPEL
2024-09-30,KPITTECH
2024-09-30,KRISHNA
2024-09-30,KSB
2024-09-30,KTKBANK
2024-09-30,KUMARS
2024-09-30,LALPATHLAB
2024-09-30,LANDMARK
2024-09-30,LAOPALA
2024-09-30,LAURUSLABS
2024-09-30,LEMONTREE
2024-09-30,LICHSGFIN
2024-09-30,LINDEINDIA
2024-09-30,LT
2024-09-30,LTF
2024-09-30,LTTS
2024-09-30,LUPIN
2024-09-30,M
2024-09-30,M&
2024-09-30,M&M
2024-09-30,MADURA
2024-09-30,MAFATIND
2024-09-30,MAHABANK
2024-09-30,MAHSCOOTER
2024-09-30,MAHSEAMLES
2024-09-30,MARICO
2024-09-30,MARUTI
2024-09-30,MASFIN
2024-09-30,MASTEK
2024-09-30,MATRIX
2024-09-30,MCX
2024-09-30,MEDPLUS
2024-09-30,MERCK
2024-09-30,MERIND
2024-09-30,METROBRAND
2024-09-30,METROPOLIS
2024-09-30,MFSL
2024-09-30,MGL
2024-09-30,MIDHANI
2024-09-30,MODIXEROX
2024-09-30,MOREPENLAB
2024-09-30,MOTHERSON
2024-09-30,MPHASIS
2024-09-30,MRF
2024-09-30,MRPL
2024-09-30,NAGARFERT
2024-09-30,NAHARPOLY
2024-09-30,NAHARSPING
2024-09-30,NAM-INDIA
2024-09-30,NATCOPHARM
2024-09-30,NATIONAL
2024-09-30,NATIONALUM
2024-09-30,NAVA
2024-09-30,NAVINFLUOR
2024-09-30,NCC
2024-09-30,NESCO
2024-09-30,NESTLEIND
2024-09-30,NETWEB
2024-09-30,NFL
2024-09-30,NH
2024-09-30,NIACL
2024-09-30,NILKAMAL
2024-09-30,NIRMA
2024-09-30,NITCO
2024-09-30,NLCINDIA
2024-09-30,NMDC
2024-09-30,NTPC
2024-09-30,NUVOCO
2024-09-30,OFSS
2024-09-30,OILCOUNTUB
2024-09-30,OLAELEC
2024-09-30,OLECTRA
2024-09-30,OMAXAUTO
2024-09-30,OMAXE
2024-09-30,ONELIFECAP
2024-09-30,ONGC
2024-09-30,ONIDA
2024-09-30,ORIENTCEM
2024-09-30,ORIENTELEC
2024-09-30,PATANJALI
2024-09-30,PATNI
2024-09-30,PATSPIN
2024-09-30,PCBL
2024-09-30,PDMJEPAPER
2024-09-30,PEL
2024-09-30,PENTAFOUR
2024-09-30,PENTAMEDIA
2024-09-30,PERSISTENT
2024-09-30,PETRONET
2024-09-30,PFIZER
2024-09-30,PGHL
2024-09-30,PHILIPS
2024-09-30,PHOENIX
2024-09-30,PIDILITIND
2024-09-30,PNB
2024-09-30,POLYCAB
2024-09-30,POLYMED
2024-09-30,POONAWALLA
2024-09-30,PRAJIND
2024-09-30,PREMIERENE
2024-09-30,PRESTIGE
2024-09-30,PRUDENT
2024-09-30,PSIDATA
2024-09-30,PUNJABCHEM
2024-09-30,PUNJTRACT
2024-09-30,QUESS
2024-09-30,RAASI
2024-09-30,RAIN
2024-09-30,RAJESHEXPO
2024-09-30,RALLIS
2024-09-30,RAMCOCEM
2024-09-30,RATNAMANI
2024-09-30,RAYMOND
2024-09-30,RBLBANK
2024-09-30,RCF
2024-09-30,RECKITT
2024-09-30,RECLTD
2024-09-30,REIAGRO
2024-09-30,RELAXO
2024-09-30,RELMEDIA
2024-09-30,RITES
2024-09-30,ROUTE
2024-09-30,RPGTRANS
2024-09-30,RSWM
2024-09-30,RVNL
2024-09-30,SAIL
2024-09-30,SANGHI
2024-09-30,SANOFI
2024-09-30,SAREGAMA
2024-09-30,SBICARD
2024-09-30,SBILIFE
2024-09-30,SCHAEFFLER
2024-09-30,SCHENECT
2024-09-30,SCHNEIDER
2024-09-30,SCI
2024-09-30,SCILAL
2024-09-30,SESASTERL
2024-09-30,SESHAPAPER
2024-09-30,SFL
2024-09-30,SHOPERSTOP
2024-09-30,SHREECEM
2024-09-30,SHRIRAMFIN
2024-09-30,SHYAMTEL
2024-09-30,SIEMENS
2024-09-30,SIS
2024-09-30,SJVN
2024-09-30,SKFINDIA
2024-09-30,SKSMICRO
2024-09-30,SOLARINDS
2024-09-30,SONATSOFTW
2024-09-30,SOUTHBANK
2024-09-30,SPARC
2024-09-30,SPICEJET
2024-09-30,SRF
2024-09-30,STAR
2024-09-30,STARCEMENT
2024-09-30,STYROLUT
2024-09-30,SULA
2024-09-30,SUMICHEM
2024-09-30,SUNDARMFIN
2024-09-30,SUNDRMFAST
2024-09-30,SUNPHARMA
2024-09-30,SUPRAJIT
2024-09-30,SUPREMEIND
2024-09-30,SWSOLAR
2024-09-30,SYMPHONY
2024-09-30,SYNGENE
2024-09-30,SYRMA
2024-09-30,TAKE
2024-09-30,TATACOMM
2024-09-30,TATACONSUM
2024-09-30,TATAELXSI
2024-09-30,TATAINVEST
2024-09-30,TATAMETAL
2024-09-30,TATAMOTORS
2024-09-30,TATAPOWER
2024-09-30,TATASTEEL
2024-09-30,TCIEXP
2024-09-30,TCNSCLOTH
2024-09-30,TCS
2024-09-30,TEAMLEASE
2024-09-30,THERMAX
2024-09-30,THIRU
2024-09-30,THYROCARE
2024-09-30,TIINDIA
2024-09-30,TIMETECHNO
2024-09-30,TIMEX
2024-09-30,TIMKEN
2024-09-30,TITAN
2024-09-30,TMCV
2024-09-30,TORNTPHARM
2024-09-30,TORNTPOWER
2024-09-30,TRANSPEK
2024-09-30,TRENT
2024-09-30,TRIDENT
2024-09-30,TTKPRESTIG
2024-09-30,TVTODAY
2024-09-30,UBL
2024-09-30,UCALFUEL
2024-09-30,UFLEX
2024-09-30,UJJIVAN
2024-09-30,ULTRACEMCO
2024-09-30,UNIONBANK
2024-09-30,UNOMINDA
2024-09-30,URBANCO
2024-09-30,UTKARSHBNK
2024-09-30,VARROC
2024-09-30,VARUN
2024-09-30,VBL
2024-09-30,VENKEYS
2024-09-30,VESUVIUS
2024-09-30,VISHAL
2024-09-30,VMART
2024-09-30,VOLTAS
2024-09-30,VTL
2024-09-30,WELENT
2024-09-30,WESTLIFE
2024-09-30,WIDIA
2024-09-30,WIMCO
2024-09-30,WINDMACH
2024-09-30,WIPRO
2024-09-30,WOCKPHARMA
2024-09-30,WSI
2024-09-30,WSTCSTPAPR
2024-09-30,ZENSARTECH
2024-09-30,ZYDUSWELL
2025-03-31,3MINDIA
2025-03-31,AARTIIND
2025-03-31,AAVAS
2025-03-31,ABB
2025-03-31,ABBOTINDIA
2025-03-31,ABCAPITAL
2025-03-31,ABREL
2025-03-31,ACC
2025-03-31,ADANIENSOL
2025-03-31,ADANIPOWER
2025-03-31,ADVENZYMES
2025-03-31,AEGISLOG
2025-03-31,AFCONS
2025-03-31,AFFLE
2025-03-31,AGCNETWO
2025-03-31,AIAENG
2025-03-31,AKZOINDIA
2025-03-31,ALKEM
2025-03-31,ALLCARGO
2025-03-31,ALTOS
2025-03-31,AMBALAL
2025-03-31,AMBER
2025-03-31,AMBUJACEM
2025-03-31,APLAPOLLO
2025-03-31,APOLLOHOSP
2025-03-31,APOLLOTYRE
2025-03-31,APPAPER
2025-03-31,APPLE
2025-03-31,ARVIND
2025-03-31,ASHOKLEY
2025-03-31,ASIANPAINT
2025-03-31,ASTERDM
2025-03-31,ASTRAZENCA
2025-03-31,ATGL
2025-03-31,ATUL
2025-03-31,ATULAUTO
2025-03-31,AUBANK
2025-03-31,AVANTIFEED
2025-03-31,AVERY
2025-03-31,AWFIS
2025-03-31,AXISBANK
2025-03-31,AZAD
2025-03-31,BAJAJ
2025-03-31,BAJAJ-AUTO
2025-03-31,BAJAJHLDNG
2025-03-31,BAJFINANCE
2025-03-31,BALMLAWRIE
2025-03-31,BALRAMCHIN
2025-03-31,BANKBARODA
2025-03-31,BASF
2025-03-31,BATAINDIA
2025-03-31,BAYERCROP
2025-03-31,BBTC
2025-03-31,BDL
2025-03-31,BEL
2025-03-31,BEML
2025-03-31,BERGEPAINT
2025-03-31,BHARATFORG
2025-03-31,BHARTIARTL
2025-03-31,BHEL
2025-03-31,BI
2025-03-31,BIOCON
2025-03-31,BIRLACORPN
2025-03-31,BLISSGVS
2025-03-31,BLUEDART
2025-03-31,BLUESTARCO
2025-03-31,BOMDYEING
2025-03-31,BOSCH-HCIL
2025-03-31,BOSCHLTD
2025-03-31,BPCL
2025-03-31,BRIGADE
2025-03-31,BRITANNIA
2025-03-31,BSE
2025-03-31,BSOFT
2025-03-31,CABLE
2025-03-31,CANBK
2025-03-31,CANFINHOME
2025-03-31,CAPLIN
2025-03-31,CARTRADE
2025-03-31,CASTROLIND
2025-03-31,CCL
2025-03-31,CDSL
2025-03-31,CEATLTD
2025-03-31,CENTRALBK
2025-03-31,CENTURYTEX
2025-03-31,CERA
2025-03-31,CESC
2025-03-31,CGCL
2025-03-31,CHAMBLFERT
2025-03-31,CHEMINOR
2025-03-31,CHENNPETRO
2025-03-31,CHETTINAD
2025-03-31,CHOLAFIN
2025-03-31,CHOLAHLDNG
2025-03-31,CIPLA
2025-03-31,CMC
2025-03-31,COALINDIA
2025-03-31,COCHINSHIP
2025-03-31,COFORGE
2025-03-31,COLPAL
2025-03-31,CONCOR
2025-03-31,CONSOFINVT
2025-03-31,COROMANDEL
2025-03-31,CREDITACC
2025-03-31,CRISIL
2025-03-31,CROMPTON
2025-03-31,CSBBANK
2025-03-31,CUB
2025-03-31,CUMMINSIND
2025-03-31,CYBERTECH
2025-03-31,DABUR
2025-03-31,DALMIASUG
2025-03-31,DATAPATTNS
2025-03-31,DBCORP
2025-03-31,DCAL
2025-03-31,DCLPOLYE
2025-03-31,DCW
2025-03-31,DEEPAKFERT
2025-03-31,DEEPAKNTR
2025-03-31,DEVYANI
2025-03-31,DHAMPURSUG
2025-03-31,DICIND
2025-03-31,DIGJAMLMTD
2025-03-31,DLF
2025-03-31,DMART
2025-03-31,DRREDDY
2025-03-31,DSQSOFTW
2025-03-31,ECLERX
2025-03-31,EICHERMOT
2025-03-31,EIDPARRY
2025-03-31,EIHOTEL
2025-03-31,ELECON
2025-03-31,ELGIEQUIP
2025-03-31,ELGIRUBCO
2025-03-31,ENDURANCE
2025-03-31,ENERGY
2025-03-31,ENGINERSIN
2025-03-31,ERIS
2025-03-31,ESABINDIA
2025-03-31,ESCORTS
2025-03-31,ESSAR
2025-03-31,EXCELINDUS
2025-03-31,EXIDEIND
2025-03-31,FACT
2025-03-31,FDC
2025-03-31,FEDERALBNK
2025-03-31,FINCABLES
2025-03-31,FLUOROCHEM
2025-03-31,FORTIS
2025-03-31,FOSECOIND
2025-03-31,FULFORD
2025-03-31,GAEL
2025-03-31,GAIL
2025-03-31,GALAXYSURF
2025-03-31,GANESHBE
2025-03-31,GARDEN
2025-03-31,GESHIP
2025-03-31,GHCL
2025-03-31,GICRE
2025-03-31,GILLETTE
2025-03-31,GLAND
2025-03-31,GLAXO
2025-03-31,GLENMARK
2025-03-31,GMDCLTD
2025-03-31,GMMPFAUDLR
2025-03-31,GNFC
2025-03-31,GODFRYPHLP
2025-03-31,GODREJAGRO
2025-03-31,GODREJCP
2025-03-31,GODREJIND
2025-03-31,GOKEX
2025-03-31,GOODRICKE
2025-03-31,GOODYEAR
2025-03-31,GPPL
2025-03-31,GRANULES
2025-03-31,GRAPHITE
2025-03-31,GRASIM
2025-03-31,GREAVESCOT
2025-03-31,GRINDWELL
2025-03-31,GSFC
2025-03-31,GSPL
2025-03-31,GUJALKALI
2025-03-31,GUJGASLTD
2025-03-31,GVT&D
2025-03-31,HAL
2025-03-31,HARRMALAYA
2025-03-31,HATHWAY
2025-03-31,HATSUN
2025-03-31,HAVELLS
2025-03-31,HCLTECH
2025-03-31,HDFC
2025-03-31,HDFCAMC
2025-03-31,HDFCBANK
2025-03-31,HDFCLIFE
2025-03-31,HEALTHCARE
2025-03-31,HEG
2025-03-31,HEIDELBERG
2025-03-31,HERBERTS
2025-03-31,HERITGFOOD
2025-03-31,HEROMOTOCO
2025-03-31,HEXT
2025-03-31,HIMACHAL
2025-03-31,HIMATSEIDE
2025-03-31,HINDALCO
2025-03-31,HINDCOPPER
2025-03-31,HINDPETRO
2025-03-31,HINDSYNTEX
2025-03-31,HINDUNILVR
2025-03-31,HINDZINC
2025-03-31,HOGANAS
2025-03-31,HONASA
2025-03-31,HONAUT
2025-03-31,HSCL
2025-03-31,HUBTOWN
2025-03-31,IBREALEST
2025-03-31,IBVENTURES
2025-03-31,ICICI
2025-03-31,ICICIBANK
2025-03-31,ICICIGI
2025-03-31,ICICIPRULI
2025-03-31,ICRA
2025-03-31,IDBI
2025-03-31,IDFCFIRSTB
2025-03-31,IFBIND
2025-03-31,IFCI
2025-03-31,IGL
2025-03-31,IIFL
2025-03-31,INDHOTEL
2025-03-31,INDIACEM
2025-03-31,INDIAGLYCO
2025-03-31,INDIAMART
2025-03-31,INDIANB
2025-03-31,INDIGO
2025-03-31,INDOCO
2025-03-31,INDUSINDBK
2025-03-31,INDUSTOWER
2025-03-31,INFIBEAM
2025-03-31,INFY
2025-03-31,INTELLECT
2025-03-31,IOB
2025-03-31,IOC
2025-03-31,IONEXCHANG
2025-03-31,IPCALAB
2025-03-31,IPRINGS
2025-03-31,IRCON
2025-03-31,IRCTC
2025-03-31,ISMT
2025-03-31,ITC
2025-03-31,ITDC
2025-03-31,ITI
2025-03-31,ITIETF
2025-03-31,ITWSIGNO
2025-03-31,JAGRAN
2025-03-31,JAICORPLTD
2025-03-31,JBCHEPHARM
2025-03-31,JBMA
2025-03-31,JGCHEM
2025-03-31,JINDALPHOT
2025-03-31,JINDALSAW
2025-03-31,JINDALSTEL
2025-03-31,JKCEMENT
2025-03-31,JKPAPER
2025-03-31,JKTYRE
2025-03-31,JSL
2025-03-31,JUBLFOOD
2025-03-31,JUBLINGRY
2025-03-31,KAJARIACER
2025-03-31,KANSAINER
2025-03-31,KARURVYSYA
2025-03-31,KARUTURI
2025-03-31,KEI
2025-03-31,KINETIC
2025-03-31,KMSUGAR
2025-03-31,KNRCON
2025-03-31,KOHINOOR
2025-03-31,KOTAKBANK
2025-03-31,KPEL
2025-03-31,KPITTECH
2025-03-31,KRISHNA
2025-03-31,KSB
2025-03-31,KTKBANK
2025-03-31,KUMARS
2025-03-31,LALPATHLAB
2025-03-31,LANDMARK
2025-03-31,LAOPALA
2025-03-31,LAURUSLABS
2025-03-31,LEMONTREE
2025-03-31,LICHSGFIN
2025-03-31,LINDEINDIA
2025-03-31,LT
2025-03-31,LTF
2025-03-31,LTTS
2025-03-31,LUPIN
2025-03-31,M
2025-03-31,M&
2025-03-31,M&M
2025-03-31,MADURA
2025-03-31,MAFATIND
2025-03-31,MAHABANK
2025-03-31,MAHSCOOTER
2025-03-31,MAHSEAMLES
2025-03-31,MARICO
2025-03-31,MARUTI
2025-03-31,MASFIN
2025-03-31,MASTEK
2025-03-31,MATRIX
2025-03-31,MCX
2025-03-31,MEDPLUS
2025-03-31,MERCK
2025-03-31,MERIND
2025-03-31,METROBRAND
2025-03-31,METROPOLIS
2025-03-31,MFSL
2025-03-31,MGL
2025-03-31,MIDHANI
2025-03-31,MODIXEROX
2025-03-31,MOREPENLAB
2025-03-31,MOTHERSON
2025-03-31,MPHASIS
2025-03-31,MRF
2025-03-31,MRPL
2025-03-31,NAGARFERT
2025-03-31,NAHARPOLY
2025-03-31,NAHARSPING
2025-03-31,NAM-INDIA
2025-03-31,NATCOPHARM
2025-03-31,NATIONAL
2025-03-31,NATIONALUM
2025-03-31,NAVA
2025-03-31,NAVINFLUOR
2025-03-31,NCC
2025-03-31,NESCO
2025-03-31,NESTLEIND
2025-03-31,NETWEB
2025-03-31,NFL
2025-03-31,NH
2025-03-31,NIACL
2025-03-31,NILKAMAL
2025-03-31,NIRMA
2025-03-31,NITCO
2025-03-31,NLCINDIA
2025-03-31,NMDC
2025-03-31,NTPC
2025-03-31,NUVOCO
2025-03-31,OFSS
2025-03-31,OILCOUNTUB
2025-03-31,OLAELEC
2025-03-31,OLECTRA
2025-03-31,OMAXAUTO
2025-03-31,OMAXE
2025-03-31,ONELIFECAP
2025-03-31,ONGC
2025-03-31,ONIDA
2025-03-31,ORIENTCEM
2025-03-31,ORIENTELEC
2025-03-31,PATANJALI
2025-03-31,PATNI
2025-03-31,PATSPIN
2025-03-31,PCBL
2025-03-31,PDMJEPAPER
2025-03-31,PEL
2025-03-31,PENTAFOUR
2025-03-31,PENTAMEDIA
2025-03-31,PERSISTENT
2025-03-31,PETRONET
2025-03-31,PFIZER
2025-03-31,PGHL
2025-03-31,PHILIPS
2025-03-31,PHOENIX
2025-03-31,PIDILITIND
2025-03-31,PNB
2025-03-31,POLYCAB
2025-03-31,POLYMED
2025-03-31,POONAWALLA
2025-03-31,PRAJIND
2025-03-31,PREMIERENE
2025-03-31,PRESTIGE
2025-03-31,PRUDENT
2025-03-31,PSIDATA
2025-03-31,PUNJABCHEM
2025-03-31,PUNJTRACT
2025-03-31,QUESS
2025-03-31,RAASI
2025-03-31,RAIN
2025-03-31,RAJESHEXPO
2025-03-31,RALLIS
2025-03-31,RAMCOCEM
2025-03-31,RATNAMANI
2025-03-31,RAYMOND
2025-03-31,RBLBANK
2025-03-31,RCF
2025-03-31,RECKITT
2025-03-31,RECLTD
2025-03-31,REIAGRO
2025-03-31,RELAXO
2025-03-31,RELMEDIA
2025-03-31,RITES
2025-03-31,ROUTE
2025-03-31,RPGTRANS
2025-03-31,RSWM
2025-03-31,RVNL
2025-03-31,SAIL
2025-03-31,SANGHI
2025-03-31,SANOFI
2025-03-31,SAREGAMA
2025-03-31,SBICARD
2025-03-31,SBILIFE
2025-03-31,SCHAEFFLER
2025-03-31,SCHENECT
2025-03-31,SCHNEIDER
2025-03-31,SCI
2025-03-31,SCILAL
2025-03-31,SESASTERL
2025-03-31,SESHAPAPER
2025-03-31,SFL
2025-03-31,SHOPERSTOP
2025-03-31,SHREECEM
2025-03-31,SHRIRAMFIN
2025-03-31,SHYAMTEL
2025-03-31,SIEMENS
2025-03-31,SIS
2025-03-31,SJVN
2025-03-31,SKFINDIA
2025-03-31,SKSMICRO
2025-03-31,SOLARINDS
2025-03-31,SONATSOFTW
2025-03-31,SOUTHBANK
2025-03-31,SPARC
2025-03-31,SPICEJET
2025-03-31,SRF
2025-03-31,STAR
2025-03-31,STARCEMENT
2025-03-31,STYROLUT
2025-03-31,SULA
2025-03-31,SUMICHEM
2025-03-31,SUNDARMFIN
2025-03-31,SUNDRMFAST
2025-03-31,SUNPHARMA
2025-03-31,SUPRAJIT
2025-03-31,SUPREMEIND
2025-03-31,SWIGGY
2025-03-31,SWSOLAR
2025-03-31,SYMPHONY
2025-03-31,SYNGENE
2025-03-31,SYRMA
2025-03-31,TAKE
2025-03-31,TATACOMM
2025-03-31,TATACONSUM
2025-03-31,TATAELXSI
2025-03-31,TATAINVEST
2025-03-31,TATAMETAL
2025-03-31,TATAMOTORS
2025-03-31,TATAPOWER
2025-03-31,TATASTEEL
2025-03-31,TCIEXP
2025-03-31,TCS
2025-03-31,TEAMLEASE
2025-03-31,THERMAX
2025-03-31,THIRU
2025-03-31,THYROCARE
2025-03-31,TIINDIA
2025-03-31,TIMETECHNO
2025-03-31,TIMEX
2025-03-31,TIMKEN
2025-03-31,TITAN
2025-03-31,TMCV
2025-03-31,TORNTPHARM
2025-03-31,TORNTPOWER
2025-03-31,TRANSPEK
2025-03-31,TRENT
2025-03-31,TRIDENT
2025-03-31,TTKPRESTIG
2025-03-31,TVTODAY
2025-03-31,UBL
2025-03-31,UCALFUEL
2025-03-31,UFLEX
2025-03-31,UJJIVAN
2025-03-31,ULTRACEMCO
2025-03-31,UNIONBANK
2025-03-31,UNOMINDA
2025-03-31,URBANCO
2025-03-31,UTKARSHBNK
2025-03-31,VARROC
2025-03-31,VARUN
2025-03-31,VBL
2025-03-31,VENKEYS
2025-03-31,VESUVIUS
2025-03-31,VISHAL
2025-03-31,VMART
2025-03-31,VOLTAS
2025-03-31,VTL
2025-03-31,WELENT
2025-03-31,WESTLIFE
2025-03-31,WIDIA
2025-03-31,WIMCO
2025-03-31,WINDMACH
2025-03-31,WIPRO
2025-03-31,WOCKPHARMA
2025-03-31,WSTCSTPAPR
2025-03-31,ZENSARTECH
2025-03-31,ZYDUSWELL
2025-09-30,3MINDIA
2025-09-30,AARTIIND
2025-09-30,AAVAS
2025-09-30,ABB
2025-09-30,ABBOTINDIA
2025-09-30,ABCAPITAL
2025-09-30,ABREL
2025-09-30,ACC
2025-09-30,ACMESOLAR
2025-09-30,ADANIENSOL
2025-09-30,ADANIPOWER
2025-09-30,ADVENZYMES
2025-09-30,AEGISLOG
2025-09-30,AFCONS
2025-09-30,AFFLE
2025-09-30,AGCNETWO
2025-09-30,AIAENG
2025-09-30,AKZOINDIA
2025-09-30,ALKEM
2025-09-30,ALLCARGO
2025-09-30,ALTOS
2025-09-30,AMBALAL
2025-09-30,AMBER
2025-09-30,AMBUJACEM
2025-09-30,APLAPOLLO
2025-09-30,APOLLOHOSP
2025-09-30,APOLLOTYRE
2025-09-30,APPAPER
2025-09-30,APPLE
2025-09-30,ARVIND
2025-09-30,ASHOKLEY
2025-09-30,ASIANPAINT
2025-09-30,ASTERDM
2025-09-30,ASTRAZENCA
2025-09-30,ATGL
2025-09-30,ATUL
2025-09-30,ATULAUTO
2025-09-30,AUBANK
2025-09-30,AVANTIFEED
2025-09-30,AVERY
2025-09-30,AWFIS
2025-09-30,AXISBANK
2025-09-30,AZAD
2025-09-30,BAJAJ
2025-09-30,BAJAJ-AUTO
2025-09-30,BAJAJHLDNG
2025-09-30,BAJFINANCE
2025-09-30,BALMLAWRIE
2025-09-30,BALRAMCHIN
2025-09-30,BANKBARODA
2025-09-30,BASF
2025-09-30,BATAINDIA
2025-09-30,BAYERCROP
2025-09-30,BBTC
2025-09-30,BDL
2025-09-30,BEL
2025-09-30,BEML
2025-09-30,BERGEPAINT
2025-09-30,BHARATFORG
2025-09-30,BHARTIARTL
2025-09-30,BHEL
2025-09-30,BI
2025-09-30,BIOCON
2025-09-30,BIRLACORPN
2025-09-30,BLISSGVS
2025-09-30,BLUEDART
2025-09-30,BLUESTARCO
2025-09-30,BOMDYEING
2025-09-30,BOSCH-HCIL
2025-09-30,BOSCHLTD
2025-09-30,BPCL
2025-09-30,BRIGADE
2025-09-30,BRITANNIA
2025-09-30,BSE
2025-09-30,BSOFT
2025-09-30,CABLE
2025-09-30,CANBK
2025-09-30,CANFINHOME
2025-09-30,CAPLIN
2025-09-30,CARTRADE
2025-09-30,CASTROLIND
2025-09-30,CCL
2025-09-30,CDSL
2025-09-30,CEATLTD
2025-09-30,CENTRALBK
2025-09-30,CENTURYTEX
2025-09-30,CERA
2025-09-30,CESC
2025-09-30,CGCL
2025-09-30,CHAMBLFERT
2025-09-30,CHEMINOR
2025-09-30,CHENNPETRO
2025-09-30,CHETTINAD
2025-09-30,CHOLAFIN
2025-09-30,CHOLAHLDNG
2025-09-30,CIPLA
2025-09-30,CMC
2025-09-30,COALINDIA
2025-09-30,COCHINSHIP
2025-09-30,COFORGE
2025-09-30,COLPAL
2025-09-30,CONCOR
2025-09-30,CONSOFINVT
2025-09-30,COROMANDEL
2025-09-30,CREDITACC
2025-09-30,CRISIL
2025-09-30,CROMPTON
2025-09-30,CSBBANK
2025-09-30,CUB
2025-09-30,CUMMINSIND
2025-09-30,CYBERTECH
2025-09-30,DABUR
2025-09-30,DALMIASUG
2025-09-30,DATAPATTNS
2025-09-30,DBCORP
2025-09-30,DCAL
2025-09-30,DCLPOLYE
2025-09-30,DEEPAKFERT
2025-09-30,DEEPAKNTR
2025-09-30,DEVYANI
2025-09-30,DHAMPURSUG
2025-09-30,DICIND
2025-09-30,DIGJAMLMTD
2025-09-30,DLF
2025-09-30,DMART
2025-09-30,DRREDDY
2025-09-30,DSQSOFTW
2025-09-30,ECLERX
2025-09-30,EICHERMOT
2025-09-30,EIDPARRY
2025-09-30,EIHOTEL
2025-09-30,ELECON
2025-09-30,ELGIEQUIP
2025-09-30,ELGIRUBCO
2025-09-30,ENDURANCE
2025-09-30,ENERGY
2025-09-30,ENGINERSIN
2025-09-30,ERIS
2025-09-30,ESABINDIA
2025-09-30,ESCORTS
2025-09-30,ESSAR
2025-09-30,EXIDEIND
2025-09-30,FACT
2025-09-30,FDC
2025-09-30,FEDERALBNK
2025-09-30,FINCABLES
2025-09-30,FIRSTCRY
2025-09-30,FLUOROCHEM
2025-09-30,FORTIS
2025-09-30,FOSECOIND
2025-09-30,FULFORD
2025-09-30,GAEL
2025-09-30,GAIL
2025-09-30,GALAXYSURF
2025-09-30,GANESHBE
2025-09-30,GARDEN
2025-09-30,GESHIP
2025-09-30,GHCL
2025-09-30,GICRE
2025-09-30,GILLETTE
2025-09-30,GLAND
2025-09-30,GLAXO
2025-09-30,GLENMARK
2025-09-30,GMDCLTD
2025-09-30,GMMPFAUDLR
2025-09-30,GNFC
2025-09-30,GODFRYPHLP
2025-09-30,GODREJAGRO
2025-09-30,GODREJCP
2025-09-30,GODREJIND
2025-09-30,GOKEX
2025-09-30,GOODRICKE
2025-09-30,GOODYEAR
2025-09-30,GPPL
2025-09-30,GRANULES
2025-09-30,GRAPHITE
2025-09-30,GRASIM
2025-09-30,GREAVESCOT
2025-09-30,GRINDWELL
2025-09-30,GSFC
2025-09-30,GSPL
2025-09-30,GUJALKALI
2025-09-30,GUJGASLTD
2025-09-30,GVT&D
2025-09-30,HAL
2025-09-30,HARRMALAYA
2025-09-30,HATHWAY
2025-09-30,HATSUN
2025-09-30,HAVELLS
2025-09-30,HCLTECH
2025-09-30,HDFC
2025-09-30,HDFCAMC
2025-09-30,HDFCBANK
2025-09-30,HDFCLIFE
2025-09-30,HEALTHCARE
2025-09-30,HEG
2025-09-30,HEIDELBERG
2025-09-30,HERBERTS
2025-09-30,HEROMOTOCO
2025-09-30,HEXT
2025-09-30,HIMACHAL
2025-09-30,HIMATSEIDE
2025-09-30,HINDALCO
2025-09-30,HINDCOPPER
2025-09-30,HINDPETRO
2025-09-30,HINDSYNTEX
2025-09-30,HINDUNILVR
2025-09-30,HINDZINC
2025-09-30,HOGANAS
2025-09-30,HONASA
2025-09-30,HONAUT
2025-09-30,HSCL
2025-09-30,HUBTOWN
2025-09-30,IBREALEST
2025-09-30,IBVENTURES
2025-09-30,ICICI
2025-09-30,ICICIBANK
2025-09-30,ICICIGI
2025-09-30,ICICIPRULI
2025-09-30,ICRA
2025-09-30,IDBI
2025-09-30,IDFCFIRSTB
2025-09-30,IFBIND
2025-09-30,IFCI
2025-09-30,IGL
2025-09-30,IIFL
2025-09-30,INDHOTEL
2025-09-30,INDIACEM
2025-09-30,INDIAGLYCO
2025-09-30,INDIAMART
2025-09-30,INDIANB
2025-09-30,INDIGO
2025-09-30,INDOCO
2025-09-30,INDUSINDBK
2025-09-30,INDUSTOWER
2025-09-30,INFIBEAM
2025-09-30,INFY
2025-09-30,INTELLECT
2025-09-30,IOB
2025-09-30,IOC
2025-09-30,IONEXCHANG
2025-09-30,IPCALAB
2025-09-30,IPRINGS
2025-09-30,IRCON
2025-09-30,IRCTC
2025-09-30,ISMT
2025-09-30,ITC
2025-09-30,ITDC
2025-09-30,ITI
2025-09-30,ITIETF
2025-09-30,ITWSIGNO
2025-09-30,JAGRAN
2025-09-30,JAICORPLTD
2025-09-30,JBCHEPHARM
2025-09-30,JBMA
2025-09-30,JGCHEM
2025-09-30,JINDALPHOT
2025-09-30,JINDALSAW
2025-09-30,JINDALSTEL
2025-09-30,JKCEMENT
2025-09-30,JKPAPER
2025-09-30,JKTYRE
2025-09-30,JSL
2025-09-30,JUBLFOOD
2025-09-30,JUBLINGRY
2025-09-30,KAJARIACER
2025-09-30,KANSAINER
2025-09-30,KARURVYSYA
2025-09-30,KARUTURI
2025-09-30,KEI
2025-09-30,KINETIC
2025-09-30,KMSUGAR
2025-09-30,KNRCON
2025-09-30,KOHINOOR
2025-09-30,KOTAKBANK
2025-09-30,KPEL
2025-09-30,KPITTECH
2025-09-30,KRISHNA
2025-09-30,KSB
2025-09-30,KTKBANK
2025-09-30,KUMARS
2025-09-30,LALPATHLAB
2025-09-30,LANDMARK
2025-09-30,LAOPALA
2025-09-30,LAURUSLABS
2025-09-30,LEMONTREE
2025-09-30,LICHSGFIN
2025-09-30,LINDEINDIA
2025-09-30,LT
2025-09-30,LTF
2025-09-30,LTTS
2025-09-30,LUPIN
2025-09-30,M
2025-09-30,M&
2025-09-30,M&M
2025-09-30,MADURA
2025-09-30,MAFATIND
2025-09-30,MAHABANK
2025-09-30,MAHSCOOTER
2025-09-30,MAHSEAMLES
2025-09-30,MARICO
2025-09-30,MARUTI
2025-09-30,MASFIN
2025-09-30,MASTEK
2025-09-30,MATRIX
2025-09-30,MCX
2025-09-30,MEDPLUS
2025-09-30,MERCK
2025-09-30,MERIND
2025-09-30,METROBRAND
2025-09-30,METROPOLIS
2025-09-30,MFSL
2025-09-30,MGL
2025-09-30,MIDHANI
2025-09-30,MODIXEROX
2025-09-30,MOREPENLAB
2025-09-30,MOTHERSON
2025-09-30,MPHASIS
2025-09-30,MRF
2025-09-30,MRPL
2025-09-30,NAGARFERT
2025-09-30,NAHARPOLY
2025-09-30,NAHARSPING
2025-09-30,NAM-INDIA
2025-09-30,NATCOPHARM
2025-09-30,NATIONAL
2025-09-30,NATIONALUM
2025-09-30,NAVA
2025-09-30,NAVINFLUOR
2025-09-30,NCC
2025-09-30,NESCO
2025-09-30,NESTLEIND
2025-09-30,NETWEB
2025-09-30,NFL
2025-09-30,NH
2025-09-30,NIACL
2025-09-30,NILKAMAL
2025-09-30,NIRMA
2025-09-30,NITCO
2025-09-30,NLCINDIA
2025-09-30,NMDC
2025-09-30,NTPC
2025-09-30,NUVOCO
2025-09-30,OFSS
2025-09-30,OILCOUNTUB
2025-09-30,OLAELEC
2025-09-30,OLECTRA
2025-09-30,OMAXAUTO
2025-09-30,OMAXE
2025-09-30,ONELIFECAP
2025-09-30,ONGC
2025-09-30,ONIDA
2025-09-30,ORIENTCEM
2025-09-30,ORIENTELEC
2025-09-30,PATANJALI
2025-09-30,PATNI
2025-09-30,PATSPIN
2025-09-30,PCBL
2025-09-30,PDMJEPAPER
2025-09-30,PEL
2025-09-30,PENTAFOUR
2025-09-30,PENTAMEDIA
2025-09-30,PERSISTENT
2025-09-30,PETRONET
2025-09-30,PFIZER
2025-09-30,PGHL
2025-09-30,PHILIPS
2025-09-30,PHOENIX
2025-09-30,PIDILITIND
2025-09-30,PNB
2025-09-30,POLYCAB
2025-09-30,POLYMED
2025-09-30,POONAWALLA
2025-09-30,PRAJIND
2025-09-30,PREMIERENE
2025-09-30,PRESTIGE
2025-09-30,PRUDENT
2025-09-30,PSIDATA
2025-09-30,PUNJABCHEM
2025-09-30,PUNJTRACT
2025-09-30,QUESS
2025-09-30,RAASI
2025-09-30,RAIN
2025-09-30,RAJESHEXPO
2025-09-30,RALLIS
2025-09-30,RAMCOCEM
2025-09-30,RATNAMANI
2025-09-30,RAYMOND
2025-09-30,RBLBANK
2025-09-30,RCF
2025-09-30,RECKITT
2025-09-30,RECLTD
2025-09-30,REIAGRO
2025-09-30,RELAXO
2025-09-30,RELMEDIA
2025-09-30,RITES
2025-09-30,ROUTE
2025-09-30,RPGTRANS
2025-09-30,RSWM
2025-09-30,RVNL
2025-09-30,SAIL
2025-09-30,SANGHI
2025-09-30,SANOFI
2025-09-30,SAREGAMA
2025-09-30,SBICARD
2025-09-30,SBILIFE
2025-09-30,SCHAEFFLER
2025-09-30,SCHENECT
2025-09-30,SCHNEIDER
2025-09-30,SCI
2025-09-30,SCILAL
2025-09-30,SESASTERL
2025-09-30,SESHAPAPER
2025-09-30,SFL
2025-09-30,SHOPERSTOP
2025-09-30,SHREECEM
2025-09-30,SHRIRAMFIN
2025-09-30,SHYAMTEL
2025-09-30,SIEMENS
2025-09-30,SIS
2025-09-30,SJVN
2025-09-30,SKFINDIA
2025-09-30,SKSMICRO
2025-09-30,SOLARINDS
2025-09-30,SONATSOFTW
2025-09-30,SOUTHBANK
2025-09-30,SPARC
2025-09-30,SPICEJET
2025-09-30,SRF
2025-09-30,STAR
2025-09-30,STARCEMENT
2025-09-30,STYROLUT
2025-09-30,SULA
2025-09-30,SUMICHEM
2025-09-30,SUNDARMFIN
2025-09-30,SUNDRMFAST
2025-09-30,SUNPHARMA
2025-09-30,SUPRAJIT
2025-09-30,SUPREMEIND
2025-09-30,SWIGGY
2025-09-30,SWSOLAR
2025-09-30,SYMPHONY
2025-09-30,SYNGENE
2025-09-30,SYRMA
2025-09-30,TAKE
2025-09-30,TATACOMM
2025-09-30,TATACONSUM
2025-09-30,TATAELXSI
2025-09-30,TATAINVEST
2025-09-30,TATAMETAL
2025-09-30,TATAMOTORS
2025-09-30,TATAPOWER
2025-09-30,TATASTEEL
2025-09-30,TCIEXP
2025-09-30,TCS
2025-09-30,TEAMLEASE
2025-09-30,THERMAX
2025-09-30,THIRU
2025-09-30,THYROCARE
2025-09-30,TIINDIA
2025-09-30,TIMETECHNO
2025-09-30,TIMEX
2025-09-30,TIMKEN
2025-09-30,TITAN
2025-09-30,TMCV
2025-09-30,TORNTPHARM
2025-09-30,TORNTPOWER
2025-09-30,TRANSPEK
2025-09-30,TRENT
2025-09-30,TRIDENT
2025-09-30,TTKPRESTIG
2025-09-30,TVTODAY
2025-09-30,UBL
2025-09-30,UCALFUEL
2025-09-30,UFLEX
2025-09-30,UJJIVAN
2025-09-30,ULTRACEMCO
2025-09-30,UNIECOM
2025-09-30,UNIONBANK
2025-09-30,UNOMINDA
2025-09-30,URBANCO
2025-09-30,UTKARSHBNK
2025-09-30,VARROC
2025-09-30,VARUN
2025-09-30,VBL
2025-09-30,VENKEYS
2025-09-30,VESUVIUS
2025-09-30,VISHAL
2025-09-30,VMART
2025-09-30,VOLTAS
2025-09-30,VTL
2025-09-30,WELENT
2025-09-30,WESTLIFE
2025-09-30,WIDIA
2025-09-30,WIMCO
2025-09-30,WINDMACH
2025-09-30,WIPRO
2025-09-30,WOCKPHARMA
2025-09-30,WSTCSTPAPR
2025-09-30,ZENSARTECH
2025-09-30,ZYDUSWELL
2026-03-31,3MINDIA
2026-03-31,AARTIIND
2026-03-31,AAVAS
2026-03-31,ABB
2026-03-31,ABBOTINDIA
2026-03-31,ABCAPITAL
2026-03-31,ABREL
2026-03-31,ACC
2026-03-31,ACMESOLAR
2026-03-31,ACUTAAS
2026-03-31,ADANIENSOL
2026-03-31,ADANIPOWER
2026-03-31,ADVENZYMES
2026-03-31,AEGISLOG
2026-03-31,AFCONS
2026-03-31,AFFLE
2026-03-31,AGCNETWO
2026-03-31,AIAENG
2026-03-31,AKZOINDIA
2026-03-31,ALKEM
2026-03-31,ALLCARGO
2026-03-31,ALTOS
2026-03-31,AMBALAL
2026-03-31,AMBER
2026-03-31,AMBUJACEM
2026-03-31,ANTHEM
2026-03-31,APLAPOLLO
2026-03-31,APOLLOHOSP
2026-03-31,APOLLOTYRE
2026-03-31,APPAPER
2026-03-31,APPLE
2026-03-31,ARVIND
2026-03-31,ASHOKLEY
2026-03-31,ASIANPAINT
2026-03-31,ASTERDM
2026-03-31,ASTRAZENCA
2026-03-31,ATGL
2026-03-31,ATUL
2026-03-31,ATULAUTO
2026-03-31,AUBANK
2026-03-31,AVANTIFEED
2026-03-31,AVERY
2026-03-31,AWFIS
2026-03-31,AXISBANK
2026-03-31,AZAD
2026-03-31,BAJAJ
2026-03-31,BAJAJ-AUTO
2026-03-31,BAJAJHLDNG
2026-03-31,BAJFINANCE
2026-03-31,BALMLAWRIE
2026-03-31,BALRAMCHIN
2026-03-31,BANKBARODA
2026-03-31,BASF
2026-03-31,BATAINDIA
2026-03-31,BAYERCROP
2026-03-31,BBTC
2026-03-31,BDL
2026-03-31,BEL
2026-03-31,BEML
2026-03-31,BERGEPAINT
2026-03-31,BHARATFORG
2026-03-31,BHARTIARTL
2026-03-31,BHEL
2026-03-31,BI
2026-03-31,BIOCON
2026-03-31,BIRLACORPN
2026-03-31,BLISSGVS
2026-03-31,BLUEDART
2026-03-31,BLUEJET
2026-03-31,BLUESTARCO
2026-03-31,BOMDYEING
2026-03-31,BOSCH-HCIL
2026-03-31,BOSCHLTD
2026-03-31,BPCL
2026-03-31,BRIGADE
2026-03-31,BRITANNIA
2026-03-31,BSE
2026-03-31,BSOFT
2026-03-31,CABLE
2026-03-31,CANBK
2026-03-31,CANFINHOME
2026-03-31,CAPLIN
2026-03-31,CARTRADE
2026-03-31,CASTROLIND
2026-03-31,CCL
2026-03-31,CDSL
2026-03-31,CEATLTD
2026-03-31,CENTRALBK
2026-03-31,CENTURYTEX
2026-03-31,CERA
2026-03-31,CESC
2026-03-31,CGCL
2026-03-31,CHAMBLFERT
2026-03-31,CHEMINOR
2026-03-31,CHENNPETRO
2026-03-31,CHETTINAD
2026-03-31,CHOLAFIN
2026-03-31,CHOLAHLDNG
2026-03-31,CIPLA
2026-03-31,CMC
2026-03-31,COALINDIA
2026-03-31,COCHINSHIP
2026-03-31,COFORGE
2026-03-31,COLPAL
2026-03-31,CONCOR
2026-03-31,CONSOFINVT
2026-03-31,COROMANDEL
2026-03-31,CREDITACC
2026-03-31,CRISIL
2026-03-31,CROMPTON
2026-03-31,CSBBANK
2026-03-31,CUB
2026-03-31,CUMMINSIND
2026-03-31,CYBERTECH
2026-03-31,DABUR
2026-03-31,DALMIASUG
2026-03-31,DATAPATTNS
2026-03-31,DBCORP
2026-03-31,DCAL
2026-03-31,DCLPOLYE
2026-03-31,DEEPAKFERT
2026-03-31,DEEPAKNTR
2026-03-31,DEVYANI
2026-03-31,DHAMPURSUG
2026-03-31,DICIND
2026-03-31,DIGJAMLMTD
2026-03-31,DLF
2026-03-31,DMART
2026-03-31,DRREDDY
2026-03-31,DSQSOFTW
2026-03-31,ECLERX
2026-03-31,EICHERMOT
2026-03-31,EIDPARRY
2026-03-31,EIHOTEL
2026-03-31,ELECON
2026-03-31,ELGIEQUIP
2026-03-31,ELGIRUBCO
2026-03-31,ENDURANCE
2026-03-31,ENERGY
2026-03-31,ENGINERSIN
2026-03-31,ERIS
2026-03-31,ESABINDIA
2026-03-31,ESCORTS
2026-03-31,ESSAR
2026-03-31,EXIDEIND
2026-03-31,FACT
2026-03-31,FDC
2026-03-31,FEDERALBNK
2026-03-31,FINCABLES
2026-03-31,FIRSTCRY
2026-03-31,FLUOROCHEM
2026-03-31,FORTIS
2026-03-31,FOSECOIND
2026-03-31,FULFORD
2026-03-31,GAEL
2026-03-31,GAIL
2026-03-31,GALAXYSURF
2026-03-31,GANESHBE
2026-03-31,GARDEN
2026-03-31,GESHIP
2026-03-31,GHCL
2026-03-31,GICRE
2026-03-31,GILLETTE
2026-03-31,GLAND
2026-03-31,GLAXO
2026-03-31,GLENMARK
2026-03-31,GMDCLTD
2026-03-31,GMMPFAUDLR
2026-03-31,GNFC
2026-03-31,GODFRYPHLP
2026-03-31,GODREJAGRO
2026-03-31,GODREJCP
2026-03-31,GODREJIND
2026-03-31,GOKEX
2026-03-31,GOODRICKE
2026-03-31,GOODYEAR
2026-03-31,GPPL
2026-03-31,GRANULES
2026-03-31,GRAPHITE
2026-03-31,GRASIM
2026-03-31,GREAVESCOT
2026-03-31,GRINDWELL
2026-03-31,GSFC
2026-03-31,GSPL
2026-03-31,GUJALKALI
2026-03-31,GUJGASLTD
2026-03-31,GVT&D
2026-03-31,HAL
2026-03-31,HARRMALAYA
2026-03-31,HATHWAY
2026-03-31,HATSUN
2026-03-31,HAVELLS
2026-03-31,HCLTECH
2026-03-31,HDFC
2026-03-31,HDFCAMC
2026-03-31,HDFCBANK
2026-03-31,HDFCLIFE
2026-03-31,HEALTHCARE
2026-03-31,HEG
2026-03-31,HEIDELBERG
2026-03-31,HERBERTS
2026-03-31,HEROMOTOCO
2026-03-31,HEXT
2026-03-31,HIMACHAL
2026-03-31,HIMATSEIDE
2026-03-31,HINDALCO
2026-03-31,HINDCOPPER
2026-03-31,HINDPETRO
2026-03-31,HINDSYNTEX
2026-03-31,HINDUNILVR
2026-03-31,HINDZINC
2026-03-31,HOGANAS
2026-03-31,HONASA
2026-03-31,HONAUT
2026-03-31,HSCL
2026-03-31,HUBTOWN
2026-03-31,IBREALEST
2026-03-31,IBVENTURES
2026-03-31,ICICI
2026-03-31,ICICIBANK
2026-03-31,ICICIGI
2026-03-31,ICICIPRULI
2026-03-31,ICRA
2026-03-31,IDBI
2026-03-31,IDFCFIRSTB
2026-03-31,IFBIND
2026-03-31,IFCI
2026-03-31,IGL
2026-03-31,IIFL
2026-03-31,INDHOTEL
2026-03-31,INDIACEM
2026-03-31,INDIAGLYCO
2026-03-31,INDIAMART
2026-03-31,INDIANB
2026-03-31,INDIGO
2026-03-31,INDOCO
2026-03-31,INDUSINDBK
2026-03-31,INDUSTOWER
2026-03-31,INFIBEAM
2026-03-31,INFY
2026-03-31,INTELLECT
2026-03-31,IOB
2026-03-31,IOC
2026-03-31,IONEXCHANG
2026-03-31,IPCALAB
2026-03-31,IPRINGS
2026-03-31,IRCON
2026-03-31,IRCTC
2026-03-31,ISMT
2026-03-31,ITC
2026-03-31,ITDC
2026-03-31,ITI
2026-03-31,ITIETF
2026-03-31,ITWSIGNO
2026-03-31,JAGRAN
2026-03-31,JAICORPLTD
2026-03-31,JBCHEPHARM
2026-03-31,JBMA
2026-03-31,JGCHEM
2026-03-31,JINDALPHOT
2026-03-31,JINDALSAW
2026-03-31,JINDALSTEL
2026-03-31,JKCEMENT
2026-03-31,JKPAPER
2026-03-31,JKTYRE
2026-03-31,JSL
2026-03-31,JUBLFOOD
2026-03-31,JUBLINGRY
2026-03-31,KAJARIACER
2026-03-31,KANSAINER
2026-03-31,KARURVYSYA
2026-03-31,KARUTURI
2026-03-31,KEI
2026-03-31,KINETIC
2026-03-31,KMSUGAR
2026-03-31,KNRCON
2026-03-31,KOHINOOR
2026-03-31,KOTAKBANK
2026-03-31,KPEL
2026-03-31,KPITTECH
2026-03-31,KRISHNA
2026-03-31,KSB
2026-03-31,KTKBANK
2026-03-31,KUMARS
2026-03-31,LALPATHLAB
2026-03-31,LANDMARK
2026-03-31,LAOPALA
2026-03-31,LAURUSLABS
2026-03-31,LEMONTREE
2026-03-31,LICHSGFIN
2026-03-31,LINDEINDIA
2026-03-31,LT
2026-03-31,LTF
2026-03-31,LTTS
2026-03-31,LUPIN
2026-03-31,M
2026-03-31,M&
2026-03-31,M&M
2026-03-31,MADURA
2026-03-31,MAFATIND
2026-03-31,MAHABANK
2026-03-31,MAHSCOOTER
2026-03-31,MAHSEAMLES
2026-03-31,MARICO
2026-03-31,MARUTI
2026-03-31,MASFIN
2026-03-31,MASTEK
2026-03-31,MATRIX
2026-03-31,MCX
2026-03-31,MEDPLUS
2026-03-31,MERCK
2026-03-31,MERIND
2026-03-31,METROBRAND
2026-03-31,MFSL
2026-03-31,MGL
2026-03-31,MIDHANI
2026-03-31,MODIXEROX
2026-03-31,MOREPENLAB
2026-03-31,MOTHERSON
2026-03-31,MPHASIS
2026-03-31,MRF
2026-03-31,MRPL
2026-03-31,NAGARFERT
2026-03-31,NAHARPOLY
2026-03-31,NAHARSPING
2026-03-31,NAM-INDIA
2026-03-31,NATCOPHARM
2026-03-31,NATIONAL
2026-03-31,NATIONALUM
2026-03-31,NAVA
2026-03-31,NAVINFLUOR
2026-03-31,NCC
2026-03-31,NESCO
2026-03-31,NESTLEIND
2026-03-31,NETWEB
2026-03-31,NFL
2026-03-31,NH
2026-03-31,NIACL
2026-03-31,NILKAMAL
2026-03-31,NIRMA
2026-03-31,NITCO
2026-03-31,NLCINDIA
2026-03-31,NMDC
2026-03-31,NTPC
2026-03-31,NUVOCO
2026-03-31,OFSS
2026-03-31,OILCOUNTUB
2026-03-31,OLAELEC
2026-03-31,OLECTRA
2026-03-31,OMAXAUTO
2026-03-31,OMAXE
2026-03-31,ONELIFECAP
2026-03-31,ONGC
2026-03-31,ONIDA
2026-03-31,ORIENTCEM
2026-03-31,ORIENTELEC
2026-03-31,PATANJALI
2026-03-31,PATNI
2026-03-31,PATSPIN
2026-03-31,PCBL
2026-03-31,PDMJEPAPER
2026-03-31,PEL
2026-03-31,PENTAFOUR
2026-03-31,PENTAMEDIA
2026-03-31,PERSISTENT
2026-03-31,PETRONET
2026-03-31,PFIZER
2026-03-31,PGHL
2026-03-31,PHILIPS
2026-03-31,PHOENIX
2026-03-31,PIDILITIND
2026-03-31,PNB
2026-03-31,POLYCAB
2026-03-31,POLYMED
2026-03-31,POONAWALLA
2026-03-31,PREMIERENE
2026-03-31,PRESTIGE
2026-03-31,PRUDENT
2026-03-31,PSIDATA
2026-03-31,PUNJABCHEM
2026-03-31,PUNJTRACT
2026-03-31,QUESS
2026-03-31,RAASI
2026-03-31,RAIN
2026-03-31,RAJESHEXPO
2026-03-31,RALLIS
2026-03-31,RAMCOCEM
2026-03-31,RATNAMANI
2026-03-31,RAYMOND
2026-03-31,RBLBANK
2026-03-31,RCF
2026-03-31,RECKITT
2026-03-31,RECLTD
2026-03-31,REIAGRO
2026-03-31,RELAXO
2026-03-31,RELMEDIA
2026-03-31,RITES
2026-03-31,ROUTE
2026-03-31,RPGTRANS
2026-03-31,RSWM
2026-03-31,RVNL
2026-03-31,SAIL
2026-03-31,SANGHI
2026-03-31,SANOFI
2026-03-31,SAREGAMA
2026-03-31,SBICARD
2026-03-31,SBILIFE
2026-03-31,SCHAEFFLER
2026-03-31,SCHENECT
2026-03-31,SCHNEIDER
2026-03-31,SCI
2026-03-31,SCILAL
2026-03-31,SESASTERL
2026-03-31,SESHAPAPER
2026-03-31,SFL
2026-03-31,SHOPERSTOP
2026-03-31,SHREECEM
2026-03-31,SHRIRAMFIN
2026-03-31,SHYAMTEL
2026-03-31,SIEMENS
2026-03-31,SIS
2026-03-31,SJVN
2026-03-31,SKFINDIA
2026-03-31,SKSMICRO
2026-03-31,SOLARINDS
2026-03-31,SONATSOFTW
2026-03-31,SOUTHBANK
2026-03-31,SPARC
2026-03-31,SPICEJET
2026-03-31,SRF
2026-03-31,STAR
2026-03-31,STARCEMENT
2026-03-31,STYROLUT
2026-03-31,SULA
2026-03-31,SUMICHEM
2026-03-31,SUNDARMFIN
2026-03-31,SUNDRMFAST
2026-03-31,SUNPHARMA
2026-03-31,SUPRAJIT
2026-03-31,SUPREMEIND
2026-03-31,SWIGGY
2026-03-31,SWSOLAR
2026-03-31,SYMPHONY
2026-03-31,SYNGENE
2026-03-31,SYRMA
2026-03-31,TAKE
2026-03-31,TATACOMM
2026-03-31,TATACONSUM
2026-03-31,TATAELXSI
2026-03-31,TATAINVEST
2026-03-31,TATAMETAL
2026-03-31,TATAMOTORS
2026-03-31,TATAPOWER
2026-03-31,TATASTEEL
2026-03-31,TCIEXP
2026-03-31,TCS
2026-03-31,TEAMLEASE
2026-03-31,THERMAX
2026-03-31,THIRU
2026-03-31,THYROCARE
2026-03-31,TIINDIA
2026-03-31,TIMETECHNO
2026-03-31,TIMEX
2026-03-31,TIMKEN
2026-03-31,TITAN
2026-03-31,TMCV
2026-03-31,TORNTPHARM
2026-03-31,TORNTPOWER
2026-03-31,TRANSPEK
2026-03-31,TRENT
2026-03-31,TRIDENT
2026-03-31,TTKPRESTIG
2026-03-31,TVTODAY
2026-03-31,UBL
2026-03-31,UCALFUEL
2026-03-31,UFLEX
2026-03-31,UJJIVAN
2026-03-31,ULTRACEMCO
2026-03-31,UNIECOM
2026-03-31,UNIONBANK
2026-03-31,UNOMINDA
2026-03-31,URBANCO
2026-03-31,UTKARSHBNK
2026-03-31,VARROC
2026-03-31,VARUN
2026-03-31,VBL
2026-03-31,VENKEYS
2026-03-31,VISHAL
2026-03-31,VMART
2026-03-31,VOLTAS
2026-03-31,VTL
2026-03-31,WELENT
2026-03-31,WESTLIFE
2026-03-31,WIDIA
2026-03-31,WIMCO
2026-03-31,WINDMACH
2026-03-31,WIPRO
2026-03-31,WOCKPHARMA
2026-03-31,WSTCSTPAPR
2026-03-31,ZENSARTECH
2026-03-31,ZYDUSWELL
